,mean_fit_time,std_fit_time,mean_score_time,std_score_time,param_model__batch_size,param_model__lambda_reg,param_model__learning_rate,param_model__max_epochs,param_model__optimizer,param_model__optimizer_kw_args,param_model__random_state,params,split0_test_score,split1_test_score,split2_test_score,mean_test_score,std_test_score,rank_test_score
0,0.5330340067545573,0.028882211170526053,0.007984479268391928,0.0008206327856203201,32,1e-05,0.01,10,gd,{'friction': 0.9},42,"{'model__batch_size': 32, 'model__lambda_reg': 1e-05, 'model__learning_rate': 0.01, 'model__max_epochs': 10, 'model__optimizer': 'gd', 'model__optimizer_kw_args': {'friction': 0.9}, 'model__random_state': 42}",0.8998330550918197,0.9232053422370617,0.9098497495826378,0.910962715637173,0.009574096012290072,36
1,0.5037910143534342,0.007483711894660728,0.008702357610066732,0.0006229635013647938,32,1e-05,0.01,10,gd,{'friction': 0.99},42,"{'model__batch_size': 32, 'model__lambda_reg': 1e-05, 'model__learning_rate': 0.01, 'model__max_epochs': 10, 'model__optimizer': 'gd', 'model__optimizer_kw_args': {'friction': 0.99}, 'model__random_state': 42}",0.8681135225375626,0.8464106844741235,0.8864774624373957,0.8670005564830272,0.01637611460162736,54
2,0.5228250821431478,0.021311962184748377,0.008821566899617514,0.0014413914238844765,32,1e-05,0.01,10,gd,{'friction': 0.5},42,"{'model__batch_size': 32, 'model__lambda_reg': 1e-05, 'model__learning_rate': 0.01, 'model__max_epochs': 10, 'model__optimizer': 'gd', 'model__optimizer_kw_args': {'friction': 0.5}, 'model__random_state': 42}",0.8681135225375626,0.8614357262103506,0.8764607679465777,0.8686700055648302,0.006146555936108682,53
3,0.5097850958506266,0.01696547045139778,0.007347583770751953,0.00023838329054030866,32,1e-05,0.01,10,gd,{'friction': 0},42,"{'model__batch_size': 32, 'model__lambda_reg': 1e-05, 'model__learning_rate': 0.01, 'model__max_epochs': 10, 'model__optimizer': 'gd', 'model__optimizer_kw_args': {'friction': 0}, 'model__random_state': 42}",0.8464106844741235,0.8096828046744574,0.8380634390651085,0.8313856427378964,0.015720029929688954,57
4,2.5844276746114097,0.057084448759201045,0.009682337443033854,0.001019632881347348,32,1e-05,0.01,50,gd,{'friction': 0.9},42,"{'model__batch_size': 32, 'model__lambda_reg': 1e-05, 'model__learning_rate': 0.01, 'model__max_epochs': 50, 'model__optimizer': 'gd', 'model__optimizer_kw_args': {'friction': 0.9}, 'model__random_state': 42}",0.9148580968280468,0.9332220367278798,0.9181969949916527,0.9220923761825265,0.007987033998000756,27
5,2.594510078430176,0.13480639546287862,0.008185466130574545,0.000468062179453932,32,1e-05,0.01,50,gd,{'friction': 0.99},42,"{'model__batch_size': 32, 'model__lambda_reg': 1e-05, 'model__learning_rate': 0.01, 'model__max_epochs': 50, 'model__optimizer': 'gd', 'model__optimizer_kw_args': {'friction': 0.99}, 'model__random_state': 42}",0.6210350584307178,0.8146911519198664,0.7028380634390651,0.7128547579298831,0.07937640817758239,66
6,2.6940468152364097,0.06301900366323496,0.008520364761352539,6.265768478529302e-06,32,1e-05,0.01,50,gd,{'friction': 0.5},42,"{'model__batch_size': 32, 'model__lambda_reg': 1e-05, 'model__learning_rate': 0.01, 'model__max_epochs': 50, 'model__optimizer': 'gd', 'model__optimizer_kw_args': {'friction': 0.5}, 'model__random_state': 42}",0.9065108514190318,0.9181969949916527,0.9065108514190318,0.9104062326099055,0.005508900910746592,37
7,2.522507905960083,0.02686529361106326,0.008010943730672201,0.0007172415593317312,32,1e-05,0.01,50,gd,{'friction': 0},42,"{'model__batch_size': 32, 'model__lambda_reg': 1e-05, 'model__learning_rate': 0.01, 'model__max_epochs': 50, 'model__optimizer': 'gd', 'model__optimizer_kw_args': {'friction': 0}, 'model__random_state': 42}",0.8948247078464107,0.9081803005008348,0.8914858096828047,0.8981636060100167,0.007212844405573601,43
8,5.344698190689087,0.12766329848613012,0.01252436637878418,0.0067304009778701495,32,1e-05,0.01,100,gd,{'friction': 0.9},42,"{'model__batch_size': 32, 'model__lambda_reg': 1e-05, 'model__learning_rate': 0.01, 'model__max_epochs': 100, 'model__optimizer': 'gd', 'model__optimizer_kw_args': {'friction': 0.9}, 'model__random_state': 42}",0.9198664440734557,0.9348914858096828,0.9198664440734557,0.9248747913188647,0.007082872599531385,24
9,5.325766881306966,0.05200682166945569,0.008347352345784506,0.00024248535680818184,32,1e-05,0.01,100,gd,{'friction': 0.99},42,"{'model__batch_size': 32, 'model__lambda_reg': 1e-05, 'model__learning_rate': 0.01, 'model__max_epochs': 100, 'model__optimizer': 'gd', 'model__optimizer_kw_args': {'friction': 0.99}, 'model__random_state': 42}",0.6427378964941569,0.7946577629382304,0.7846410684474123,0.7406789092932665,0.06937538003844071,62
10,5.257121006647746,0.13911743533074475,0.007659594217936198,0.0001990066738973154,32,1e-05,0.01,100,gd,{'friction': 0.5},42,"{'model__batch_size': 32, 'model__lambda_reg': 1e-05, 'model__learning_rate': 0.01, 'model__max_epochs': 100, 'model__optimizer': 'gd', 'model__optimizer_kw_args': {'friction': 0.5}, 'model__random_state': 42}",0.9115191986644408,0.9215358931552587,0.9198664440734557,0.9176405119643851,0.004381751738459532,31
11,5.274524450302124,0.06482065535647452,0.009185473124186197,0.0010342072953345095,32,1e-05,0.01,100,gd,{'friction': 0},42,"{'model__batch_size': 32, 'model__lambda_reg': 1e-05, 'model__learning_rate': 0.01, 'model__max_epochs': 100, 'model__optimizer': 'gd', 'model__optimizer_kw_args': {'friction': 0}, 'model__random_state': 42}",0.9081803005008348,0.9148580968280468,0.9081803005008348,0.9104062326099055,0.003147943377569481,37
12,0.5346158345540365,0.01161521398776742,0.00834496815999349,0.0008512720889712635,32,1e-05,1e-05,10,gd,{'friction': 0.9},42,"{'model__batch_size': 32, 'model__lambda_reg': 1e-05, 'model__learning_rate': 1e-05, 'model__max_epochs': 10, 'model__optimizer': 'gd', 'model__optimizer_kw_args': {'friction': 0.9}, 'model__random_state': 42}",0.19532554257095158,0.18363939899833054,0.1986644407345576,0.19254312743461324,0.006441756762821504,105
13,0.5130345026652018,0.0076016791347566625,0.007505178451538086,0.0007163278968065893,32,1e-05,1e-05,10,gd,{'friction': 0.99},42,"{'model__batch_size': 32, 'model__lambda_reg': 1e-05, 'model__learning_rate': 1e-05, 'model__max_epochs': 10, 'model__optimizer': 'gd', 'model__optimizer_kw_args': {'friction': 0.99}, 'model__random_state': 42}",0.3055091819699499,0.3021702838063439,0.3071786310517529,0.30495269894268223,0.002082168829590388,88
14,0.5151386260986328,0.004031987550892324,0.01018826166788737,0.0016983654544299326,32,1e-05,1e-05,10,gd,{'friction': 0.5},42,"{'model__batch_size': 32, 'model__lambda_reg': 1e-05, 'model__learning_rate': 1e-05, 'model__max_epochs': 10, 'model__optimizer': 'gd', 'model__optimizer_kw_args': {'friction': 0.5}, 'model__random_state': 42}",0.17362270450751252,0.18196994991652754,0.17696160267111852,0.1775180856983862,0.0034303917657033797,120
15,0.5163176854451498,0.01393386077582603,0.008029699325561523,0.0004044876419090539,32,1e-05,1e-05,10,gd,{'friction': 0},42,"{'model__batch_size': 32, 'model__lambda_reg': 1e-05, 'model__learning_rate': 1e-05, 'model__max_epochs': 10, 'model__optimizer': 'gd', 'model__optimizer_kw_args': {'friction': 0}, 'model__random_state': 42}",0.1686143572621035,0.17696160267111852,0.17362270450751252,0.17306622148024484,0.0034303917657033797,122
16,2.798727591832479,0.14456527513039333,0.007846832275390625,0.0004742515318441004,32,1e-05,1e-05,50,gd,{'friction': 0.9},42,"{'model__batch_size': 32, 'model__lambda_reg': 1e-05, 'model__learning_rate': 1e-05, 'model__max_epochs': 50, 'model__optimizer': 'gd', 'model__optimizer_kw_args': {'friction': 0.9}, 'model__random_state': 42}",0.2637729549248748,0.2604340567612688,0.2871452420701169,0.27045075125208684,0.011883225656128342,92
17,2.6793645222981772,0.07733415290864781,0.007853269577026367,0.0004701955713903083,32,1e-05,1e-05,50,gd,{'friction': 0.99},42,"{'model__batch_size': 32, 'model__lambda_reg': 1e-05, 'model__learning_rate': 1e-05, 'model__max_epochs': 50, 'model__optimizer': 'gd', 'model__optimizer_kw_args': {'friction': 0.99}, 'model__random_state': 42}",0.7729549248747913,0.7128547579298832,0.7262103505843072,0.7373400111296605,0.025767027051285977,64
18,2.747253894805908,0.1603774863997902,0.008010149002075195,0.00040646030291572195,32,1e-05,1e-05,50,gd,{'friction': 0.5},42,"{'model__batch_size': 32, 'model__lambda_reg': 1e-05, 'model__learning_rate': 1e-05, 'model__max_epochs': 50, 'model__optimizer': 'gd', 'model__optimizer_kw_args': {'friction': 0.5}, 'model__random_state': 42}",0.19532554257095158,0.18363939899833054,0.1986644407345576,0.19254312743461324,0.006441756762821504,105
19,2.6066478888193765,0.015925659371159653,0.007695118586222331,0.0010374584476655984,32,1e-05,1e-05,50,gd,{'friction': 0},42,"{'model__batch_size': 32, 'model__lambda_reg': 1e-05, 'model__learning_rate': 1e-05, 'model__max_epochs': 50, 'model__optimizer': 'gd', 'model__optimizer_kw_args': {'friction': 0}, 'model__random_state': 42}",0.18196994991652754,0.18196994991652754,0.19198664440734559,0.18530884808013356,0.004721915066354248,112
20,5.512037515640259,0.5703605064838444,0.008681853612263998,0.0006269202924264168,32,1e-05,1e-05,100,gd,{'friction': 0.9},42,"{'model__batch_size': 32, 'model__lambda_reg': 1e-05, 'model__learning_rate': 1e-05, 'model__max_epochs': 100, 'model__optimizer': 'gd', 'model__optimizer_kw_args': {'friction': 0.9}, 'model__random_state': 42}",0.34891485809682804,0.3555926544240401,0.3589315525876461,0.3544796883695048,0.0041643376591808,85
21,5.9396653175354,0.44862657675333584,0.00851909319559733,0.0008158541721559202,32,1e-05,1e-05,100,gd,{'friction': 0.99},42,"{'model__batch_size': 32, 'model__lambda_reg': 1e-05, 'model__learning_rate': 1e-05, 'model__max_epochs': 100, 'model__optimizer': 'gd', 'model__optimizer_kw_args': {'friction': 0.99}, 'model__random_state': 42}",0.8447412353923205,0.8080133555926544,0.8380634390651085,0.8302726766833611,0.015974067996001463,58
22,5.410419782002767,0.2690806704800033,0.008850653966267904,0.0012480665908647956,32,1e-05,1e-05,100,gd,{'friction': 0.5},42,"{'model__batch_size': 32, 'model__lambda_reg': 1e-05, 'model__learning_rate': 1e-05, 'model__max_epochs': 100, 'model__optimizer': 'gd', 'model__optimizer_kw_args': {'friction': 0.5}, 'model__random_state': 42}",0.21035058430717862,0.21368948247078465,0.2353923205342237,0.219810795770729,0.011101801526577634,99
23,5.338801622390747,0.24658695650170714,0.007516702016194661,2.9799673174623925e-06,32,1e-05,1e-05,100,gd,{'friction': 0},42,"{'model__batch_size': 32, 'model__lambda_reg': 1e-05, 'model__learning_rate': 1e-05, 'model__max_epochs': 100, 'model__optimizer': 'gd', 'model__optimizer_kw_args': {'friction': 0}, 'model__random_state': 42}",0.19532554257095158,0.18363939899833054,0.1986644407345576,0.19254312743461324,0.006441756762821504,105
24,0.48994922637939453,0.02081827022924931,0.008011261622111002,0.0007147562702581564,64,1e-05,0.01,10,gd,{'friction': 0.9},42,"{'model__batch_size': 64, 'model__lambda_reg': 1e-05, 'model__learning_rate': 0.01, 'model__max_epochs': 10, 'model__optimizer': 'gd', 'model__optimizer_kw_args': {'friction': 0.9}, 'model__random_state': 42}",0.8914858096828047,0.9098497495826378,0.8914858096828047,0.897607122982749,0.008656844288316125,44
25,0.49547243118286133,0.02864134966457678,0.008518854777018229,2.9286584492823728e-06,64,1e-05,0.01,10,gd,{'friction': 0.99},42,"{'model__batch_size': 64, 'model__lambda_reg': 1e-05, 'model__learning_rate': 0.01, 'model__max_epochs': 10, 'model__optimizer': 'gd', 'model__optimizer_kw_args': {'friction': 0.99}, 'model__random_state': 42}",0.9298831385642737,0.9365609348914858,0.8964941569282137,0.9209794101279911,0.017527006953838214,28
26,0.4967833360036214,0.008337525583072209,0.007581631342569987,4.657584221513967e-05,64,1e-05,0.01,10,gd,{'friction': 0.5},42,"{'model__batch_size': 64, 'model__lambda_reg': 1e-05, 'model__learning_rate': 0.01, 'model__max_epochs': 10, 'model__optimizer': 'gd', 'model__optimizer_kw_args': {'friction': 0.5}, 'model__random_state': 42}",0.8430717863105175,0.8096828046744574,0.8363939899833055,0.8297161936560936,0.01442568881114715,59
27,0.5053184827168783,0.04675022571698483,0.007699886957804362,0.00021940385450627115,64,1e-05,0.01,10,gd,{'friction': 0},42,"{'model__batch_size': 64, 'model__lambda_reg': 1e-05, 'model__learning_rate': 0.01, 'model__max_epochs': 10, 'model__optimizer': 'gd', 'model__optimizer_kw_args': {'friction': 0}, 'model__random_state': 42}",0.7829716193656093,0.7228714524207012,0.7362270450751253,0.7473567056204785,0.02576702705128596,61
28,2.5234758853912354,0.13854578192770695,0.008200883865356445,0.00045165117686867494,64,1e-05,0.01,50,gd,{'friction': 0.9},42,"{'model__batch_size': 64, 'model__lambda_reg': 1e-05, 'model__learning_rate': 0.01, 'model__max_epochs': 50, 'model__optimizer': 'gd', 'model__optimizer_kw_args': {'friction': 0.9}, 'model__random_state': 42}",0.9115191986644408,0.9298831385642737,0.9165275459098498,0.9193099610461881,0.007750911673446891,29
29,2.506124178568522,0.20182867869574067,0.00869901974995931,0.0008224914444857736,64,1e-05,0.01,50,gd,{'friction': 0.99},42,"{'model__batch_size': 64, 'model__lambda_reg': 1e-05, 'model__learning_rate': 0.01, 'model__max_epochs': 50, 'model__optimizer': 'gd', 'model__optimizer_kw_args': {'friction': 0.99}, 'model__random_state': 42}",0.9131886477462438,0.9165275459098498,0.8914858096828047,0.9070673344462993,0.011101801526577639,39
30,2.565109968185425,0.2298627433435028,0.007682641347249349,0.00022551476668265875,64,1e-05,0.01,50,gd,{'friction': 0.5},42,"{'model__batch_size': 64, 'model__lambda_reg': 1e-05, 'model__learning_rate': 0.01, 'model__max_epochs': 50, 'model__optimizer': 'gd', 'model__optimizer_kw_args': {'friction': 0.5}, 'model__random_state': 42}",0.8914858096828047,0.9081803005008348,0.8898163606010017,0.8964941569282137,0.008291410364914509,46
31,2.754030466079712,0.2685977411938396,0.008852084477742514,0.0012470474201275253,64,1e-05,0.01,50,gd,{'friction': 0},42,"{'model__batch_size': 64, 'model__lambda_reg': 1e-05, 'model__learning_rate': 0.01, 'model__max_epochs': 50, 'model__optimizer': 'gd', 'model__optimizer_kw_args': {'friction': 0}, 'model__random_state': 42}",0.8781302170283807,0.8831385642737897,0.8831385642737897,0.8814691151919867,0.002360957533177111,51
32,5.308622678120931,0.2023614782608914,0.007846196492513021,0.0004730203112131239,64,1e-05,0.01,100,gd,{'friction': 0.9},42,"{'model__batch_size': 64, 'model__lambda_reg': 1e-05, 'model__learning_rate': 0.01, 'model__max_epochs': 100, 'model__optimizer': 'gd', 'model__optimizer_kw_args': {'friction': 0.9}, 'model__random_state': 42}",0.9148580968280468,0.9365609348914858,0.9198664440734557,0.9237618252643295,0.009278426266295542,26
33,4.991196235020955,0.2685653986984195,0.008346319198608398,0.0002442833084901913,64,1e-05,0.01,100,gd,{'friction': 0.99},42,"{'model__batch_size': 64, 'model__lambda_reg': 1e-05, 'model__learning_rate': 0.01, 'model__max_epochs': 100, 'model__optimizer': 'gd', 'model__optimizer_kw_args': {'friction': 0.99}, 'model__random_state': 42}",0.9215358931552587,0.8881469115191987,0.8914858096828047,0.9003895381190873,0.01501473295852202,41
34,5.018564701080322,0.21605768279078025,0.008162339528401693,0.00025340237547474636,64,1e-05,0.01,100,gd,{'friction': 0.5},42,"{'model__batch_size': 64, 'model__lambda_reg': 1e-05, 'model__learning_rate': 0.01, 'model__max_epochs': 100, 'model__optimizer': 'gd', 'model__optimizer_kw_args': {'friction': 0.5}, 'model__random_state': 42}",0.9081803005008348,0.9181969949916527,0.9081803005008348,0.9115191986644408,0.004721915066354222,35
35,5.336698134740193,0.07988854956566463,0.008820931116739908,0.001195658522300987,64,1e-05,0.01,100,gd,{'friction': 0},42,"{'model__batch_size': 64, 'model__lambda_reg': 1e-05, 'model__learning_rate': 0.01, 'model__max_epochs': 100, 'model__optimizer': 'gd', 'model__optimizer_kw_args': {'friction': 0}, 'model__random_state': 42}",0.8914858096828047,0.9081803005008348,0.8914858096828047,0.8970506399554813,0.007869858443923754,45
36,0.611337423324585,0.05627961672560004,0.009213447570800781,0.001686201957115519,64,1e-05,1e-05,10,gd,{'friction': 0.9},42,"{'model__batch_size': 64, 'model__lambda_reg': 1e-05, 'model__learning_rate': 1e-05, 'model__max_epochs': 10, 'model__optimizer': 'gd', 'model__optimizer_kw_args': {'friction': 0.9}, 'model__random_state': 42}",0.18030050083472454,0.18196994991652754,0.19031719532554256,0.18419588202559822,0.004381751738459545,115
37,0.5063485304514567,0.020301356501650956,0.009184757868448893,0.0017007033512232875,64,1e-05,1e-05,10,gd,{'friction': 0.99},42,"{'model__batch_size': 64, 'model__lambda_reg': 1e-05, 'model__learning_rate': 1e-05, 'model__max_epochs': 10, 'model__optimizer': 'gd', 'model__optimizer_kw_args': {'friction': 0.99}, 'model__random_state': 42}",0.2303839732888147,0.2303839732888147,0.25542570951585974,0.23873121869782973,0.011804787665885594,95
38,0.5233825842539469,0.020019588632575785,0.009691874186197916,0.0008501397722195265,64,1e-05,1e-05,10,gd,{'friction': 0.5},42,"{'model__batch_size': 64, 'model__lambda_reg': 1e-05, 'model__learning_rate': 1e-05, 'model__max_epochs': 10, 'model__optimizer': 'gd', 'model__optimizer_kw_args': {'friction': 0.5}, 'model__random_state': 42}",0.1686143572621035,0.17696160267111852,0.17362270450751252,0.17306622148024484,0.0034303917657033797,122
39,0.6074897448221842,0.04118308173299121,0.016707897186279297,0.011915629758799931,64,1e-05,1e-05,10,gd,{'friction': 0},42,"{'model__batch_size': 64, 'model__lambda_reg': 1e-05, 'model__learning_rate': 1e-05, 'model__max_epochs': 10, 'model__optimizer': 'gd', 'model__optimizer_kw_args': {'friction': 0}, 'model__random_state': 42}",0.1686143572621035,0.17696160267111852,0.17028380634390652,0.1719532554257095,0.003606422202786783,124
40,2.555388847986857,0.02076086180160467,0.0076914628346761065,0.0002532228552600792,64,1e-05,1e-05,50,gd,{'friction': 0.9},42,"{'model__batch_size': 64, 'model__lambda_reg': 1e-05, 'model__learning_rate': 1e-05, 'model__max_epochs': 50, 'model__optimizer': 'gd', 'model__optimizer_kw_args': {'friction': 0.9}, 'model__random_state': 42}",0.21702838063439064,0.22036727879799667,0.24540901502504173,0.22760155815247637,0.012665338538387355,97
41,2.417651096979777,0.05859878972408873,0.009346803029378256,0.002330417335700382,64,1e-05,1e-05,50,gd,{'friction': 0.99},42,"{'model__batch_size': 64, 'model__lambda_reg': 1e-05, 'model__learning_rate': 1e-05, 'model__max_epochs': 50, 'model__optimizer': 'gd', 'model__optimizer_kw_args': {'friction': 0.99}, 'model__random_state': 42}",0.6160267111853088,0.5792988313856428,0.5843071786310517,0.5932109070673345,0.016262258426491313,73
42,2.7314745585123696,0.030319220632412255,0.008651256561279297,0.0006597115179984332,64,1e-05,1e-05,50,gd,{'friction': 0.5},42,"{'model__batch_size': 64, 'model__lambda_reg': 1e-05, 'model__learning_rate': 1e-05, 'model__max_epochs': 50, 'model__optimizer': 'gd', 'model__optimizer_kw_args': {'friction': 0.5}, 'model__random_state': 42}",0.18196994991652754,0.18196994991652754,0.19198664440734559,0.18530884808013356,0.004721915066354248,112
43,2.6256367365519204,0.04218839086089829,0.007841666539510092,0.00022478327635178273,64,1e-05,1e-05,50,gd,{'friction': 0},42,"{'model__batch_size': 64, 'model__lambda_reg': 1e-05, 'model__learning_rate': 1e-05, 'model__max_epochs': 50, 'model__optimizer': 'gd', 'model__optimizer_kw_args': {'friction': 0}, 'model__random_state': 42}",0.17362270450751252,0.18196994991652754,0.17863105175292154,0.1780745687256539,0.0034303917657033797,116
44,5.228394031524658,0.19734048403372145,0.009190082550048828,0.0009427431394240058,64,1e-05,1e-05,100,gd,{'friction': 0.9},42,"{'model__batch_size': 64, 'model__lambda_reg': 1e-05, 'model__learning_rate': 1e-05, 'model__max_epochs': 100, 'model__optimizer': 'gd', 'model__optimizer_kw_args': {'friction': 0.9}, 'model__random_state': 42}",0.2637729549248748,0.2621035058430718,0.2871452420701169,0.2710072342793545,0.011431629707386839,91
45,5.19357705116272,0.2087981192526596,0.010857502619425455,0.0017027498426551012,64,1e-05,1e-05,100,gd,{'friction': 0.99},42,"{'model__batch_size': 64, 'model__lambda_reg': 1e-05, 'model__learning_rate': 1e-05, 'model__max_epochs': 100, 'model__optimizer': 'gd', 'model__optimizer_kw_args': {'friction': 0.99}, 'model__random_state': 42}",0.7729549248747913,0.7145242070116862,0.7262103505843072,0.7378964941569283,0.025244955419507525,63
46,4.912238438924153,0.1907107217055391,0.009517828623453775,0.0014067550721226375,64,1e-05,1e-05,100,gd,{'friction': 0.5},42,"{'model__batch_size': 64, 'model__lambda_reg': 1e-05, 'model__learning_rate': 1e-05, 'model__max_epochs': 100, 'model__optimizer': 'gd', 'model__optimizer_kw_args': {'friction': 0.5}, 'model__random_state': 42}",0.19532554257095158,0.18363939899833054,0.1986644407345576,0.19254312743461324,0.006441756762821504,105
47,4.99193549156189,0.1617487197301994,0.007840474446614584,0.0006300561302791068,64,1e-05,1e-05,100,gd,{'friction': 0},42,"{'model__batch_size': 64, 'model__lambda_reg': 1e-05, 'model__learning_rate': 1e-05, 'model__max_epochs': 100, 'model__optimizer': 'gd', 'model__optimizer_kw_args': {'friction': 0}, 'model__random_state': 42}",0.18196994991652754,0.18196994991652754,0.19198664440734559,0.18530884808013356,0.004721915066354248,112
48,0.47382283210754395,0.018638417187787328,0.007543166478474935,3.586137393042517e-05,128,1e-05,0.01,10,gd,{'friction': 0.9},42,"{'model__batch_size': 128, 'model__lambda_reg': 1e-05, 'model__learning_rate': 0.01, 'model__max_epochs': 10, 'model__optimizer': 'gd', 'model__optimizer_kw_args': {'friction': 0.9}, 'model__random_state': 42}",0.8764607679465777,0.8731218697829716,0.8781302170283807,0.87590428491931,0.0020821688295904373,52
49,0.5404620965321859,0.059278942134016695,0.008529424667358398,0.0014092430051189594,128,1e-05,0.01,10,gd,{'friction': 0.99},42,"{'model__batch_size': 128, 'model__lambda_reg': 1e-05, 'model__learning_rate': 0.01, 'model__max_epochs': 10, 'model__optimizer': 'gd', 'model__optimizer_kw_args': {'friction': 0.99}, 'model__random_state': 42}",0.8914858096828047,0.8964941569282137,0.8898163606010017,0.89259877573734,0.002837517815021015,47
50,0.5676382382710775,0.017788889518858438,0.00948349634806315,0.0018181501053652605,128,1e-05,0.01,10,gd,{'friction': 0.5},42,"{'model__batch_size': 128, 'model__lambda_reg': 1e-05, 'model__learning_rate': 0.01, 'model__max_epochs': 10, 'model__optimizer': 'gd', 'model__optimizer_kw_args': {'friction': 0.5}, 'model__random_state': 42}",0.7879799666110183,0.7278797996661102,0.7429048414023373,0.7529215358931552,0.025537660335189224,60
51,0.56185515721639,0.012260488293015548,0.008181492487589518,0.00046593181561400287,128,1e-05,0.01,10,gd,{'friction': 0},42,"{'model__batch_size': 128, 'model__lambda_reg': 1e-05, 'model__learning_rate': 0.01, 'model__max_epochs': 10, 'model__optimizer': 'gd', 'model__optimizer_kw_args': {'friction': 0}, 'model__random_state': 42}",0.6460767946577629,0.6227045075125208,0.6126878130217028,0.6271563717306622,0.013989766377269371,70
52,2.5907108783721924,0.051526609413951124,0.012632052103678385,0.0036259823026846567,128,1e-05,0.01,50,gd,{'friction': 0.9},42,"{'model__batch_size': 128, 'model__lambda_reg': 1e-05, 'model__learning_rate': 0.01, 'model__max_epochs': 50, 'model__optimizer': 'gd', 'model__optimizer_kw_args': {'friction': 0.9}, 'model__random_state': 42}",0.9048414023372288,0.9232053422370617,0.9131886477462438,0.9137451307735115,0.007507366479260984,34
53,2.683848778406779,0.19598010470110186,0.009342193603515625,0.0018969457173674648,128,1e-05,0.01,50,gd,{'friction': 0.99},42,"{'model__batch_size': 128, 'model__lambda_reg': 1e-05, 'model__learning_rate': 0.01, 'model__max_epochs': 50, 'model__optimizer': 'gd', 'model__optimizer_kw_args': {'friction': 0.99}, 'model__random_state': 42}",0.9248747913188647,0.9298831385642737,0.8964941569282137,0.9170840289371173,0.014702108863241959,32
54,2.6767128308614097,0.08989152401717505,0.009349981943766275,0.0008495479123499052,128,1e-05,0.01,50,gd,{'friction': 0.5},42,"{'model__batch_size': 128, 'model__lambda_reg': 1e-05, 'model__learning_rate': 0.01, 'model__max_epochs': 50, 'model__optimizer': 'gd', 'model__optimizer_kw_args': {'friction': 0.5}, 'model__random_state': 42}",0.8781302170283807,0.8848080133555927,0.8831385642737897,0.8820255982192543,0.002837517815021015,50
55,2.551162083943685,0.22856735728991148,0.008351325988769531,0.00023754540129775268,128,1e-05,0.01,50,gd,{'friction': 0},42,"{'model__batch_size': 128, 'model__lambda_reg': 1e-05, 'model__learning_rate': 0.01, 'model__max_epochs': 50, 'model__optimizer': 'gd', 'model__optimizer_kw_args': {'friction': 0}, 'model__random_state': 42}",0.8564273789649416,0.8297161936560935,0.8547579298831386,0.8469671675013912,0.012217305731830915,56
56,4.952738602956136,0.331868598517378,0.009011665980021158,0.001083423803598764,128,1e-05,0.01,100,gd,{'friction': 0.9},42,"{'model__batch_size': 128, 'model__lambda_reg': 1e-05, 'model__learning_rate': 0.01, 'model__max_epochs': 100, 'model__optimizer': 'gd', 'model__optimizer_kw_args': {'friction': 0.9}, 'model__random_state': 42}",0.9115191986644408,0.9265442404006677,0.9198664440734557,0.9193099610461881,0.006146555936108635,29
57,5.339966615041097,0.14308359390649483,0.009689569473266602,0.0020234065891772345,128,1e-05,0.01,100,gd,{'friction': 0.99},42,"{'model__batch_size': 128, 'model__lambda_reg': 1e-05, 'model__learning_rate': 0.01, 'model__max_epochs': 100, 'model__optimizer': 'gd', 'model__optimizer_kw_args': {'friction': 0.99}, 'model__random_state': 42}",0.9215358931552587,0.9315525876460768,0.8931552587646077,0.9154145798553145,0.016262258426491347,33
58,5.10645858446757,0.2892781991403111,0.0076754093170166016,0.00022879299121657747,128,1e-05,0.01,100,gd,{'friction': 0.5},42,"{'model__batch_size': 128, 'model__lambda_reg': 1e-05, 'model__learning_rate': 0.01, 'model__max_epochs': 100, 'model__optimizer': 'gd', 'model__optimizer_kw_args': {'friction': 0.5}, 'model__random_state': 42}",0.8914858096828047,0.9131886477462438,0.8948247078464107,0.8998330550918197,0.00954169627127561,42
59,4.8398745854695635,0.0559155067676683,0.008349736531575521,0.0008516785161840985,128,1e-05,0.01,100,gd,{'friction': 0},42,"{'model__batch_size': 128, 'model__lambda_reg': 1e-05, 'model__learning_rate': 0.01, 'model__max_epochs': 100, 'model__optimizer': 'gd', 'model__optimizer_kw_args': {'friction': 0}, 'model__random_state': 42}",0.8781302170283807,0.8864774624373957,0.8831385642737897,0.882582081246522,0.0034303917657033675,49
60,0.5816589196523031,0.03760427231228017,0.011022647221883139,0.0021207190357612933,128,1e-05,1e-05,10,gd,{'friction': 0.9},42,"{'model__batch_size': 128, 'model__lambda_reg': 1e-05, 'model__learning_rate': 1e-05, 'model__max_epochs': 10, 'model__optimizer': 'gd', 'model__optimizer_kw_args': {'friction': 0.9}, 'model__random_state': 42}",0.17362270450751252,0.18196994991652754,0.17863105175292154,0.1780745687256539,0.0034303917657033797,116
61,0.583001454671224,0.03852448255342941,0.008186260859171549,0.00047283244631983717,128,1e-05,1e-05,10,gd,{'friction': 0.99},42,"{'model__batch_size': 128, 'model__lambda_reg': 1e-05, 'model__learning_rate': 1e-05, 'model__max_epochs': 10, 'model__optimizer': 'gd', 'model__optimizer_kw_args': {'friction': 0.99}, 'model__random_state': 42}",0.19699499165275458,0.18363939899833054,0.1986644407345576,0.19309961046188093,0.006724010002000325,104
62,0.5395832856496176,0.06467164808544691,0.008205016454060873,0.0004449583286790119,128,1e-05,1e-05,10,gd,{'friction': 0.5},42,"{'model__batch_size': 128, 'model__lambda_reg': 1e-05, 'model__learning_rate': 1e-05, 'model__max_epochs': 10, 'model__optimizer': 'gd', 'model__optimizer_kw_args': {'friction': 0.5}, 'model__random_state': 42}",0.1686143572621035,0.17696160267111852,0.17028380634390652,0.1719532554257095,0.003606422202786783,124
63,0.4730122884114583,0.011366742244183969,0.008681933085123697,0.00023001288173448738,128,1e-05,1e-05,10,gd,{'friction': 0},42,"{'model__batch_size': 128, 'model__lambda_reg': 1e-05, 'model__learning_rate': 1e-05, 'model__max_epochs': 10, 'model__optimizer': 'gd', 'model__optimizer_kw_args': {'friction': 0}, 'model__random_state': 42}",0.1686143572621035,0.17696160267111852,0.17028380634390652,0.1719532554257095,0.003606422202786783,124
64,2.496633688608805,0.05236075152516772,0.0100860595703125,0.002952157657819802,128,1e-05,1e-05,50,gd,{'friction': 0.9},42,"{'model__batch_size': 128, 'model__lambda_reg': 1e-05, 'model__learning_rate': 1e-05, 'model__max_epochs': 50, 'model__optimizer': 'gd', 'model__optimizer_kw_args': {'friction': 0.9}, 'model__random_state': 42}",0.2020033388981636,0.19031719532554256,0.21535893155258765,0.2025598219254313,0.01023081597710086,101
65,2.4468353589375815,0.13787775218877021,0.008180697758992514,0.0004721146351505553,128,1e-05,1e-05,50,gd,{'friction': 0.99},42,"{'model__batch_size': 128, 'model__lambda_reg': 1e-05, 'model__learning_rate': 1e-05, 'model__max_epochs': 50, 'model__optimizer': 'gd', 'model__optimizer_kw_args': {'friction': 0.99}, 'model__random_state': 42}",0.3672787979966611,0.3672787979966611,0.38397328881469117,0.37284362826933776,0.007869858443923756,83
66,2.5502097606658936,0.09387024016122641,0.00873581568400065,0.0010306153452710792,128,1e-05,1e-05,50,gd,{'friction': 0.5},42,"{'model__batch_size': 128, 'model__lambda_reg': 1e-05, 'model__learning_rate': 1e-05, 'model__max_epochs': 50, 'model__optimizer': 'gd', 'model__optimizer_kw_args': {'friction': 0.5}, 'model__random_state': 42}",0.17362270450751252,0.18196994991652754,0.17863105175292154,0.1780745687256539,0.0034303917657033797,116
67,2.6258517106374106,0.044673119668411684,0.008666197458902994,0.00047367663155777675,128,1e-05,1e-05,50,gd,{'friction': 0},42,"{'model__batch_size': 128, 'model__lambda_reg': 1e-05, 'model__learning_rate': 1e-05, 'model__max_epochs': 50, 'model__optimizer': 'gd', 'model__optimizer_kw_args': {'friction': 0}, 'model__random_state': 42}",0.17195325542570952,0.17696160267111852,0.17362270450751252,0.1741791875347802,0.002082168829590388,121
68,4.9482044378916425,0.1821675875902039,0.008013168970743815,0.0004153466216086386,128,1e-05,1e-05,100,gd,{'friction': 0.9},42,"{'model__batch_size': 128, 'model__lambda_reg': 1e-05, 'model__learning_rate': 1e-05, 'model__max_epochs': 100, 'model__optimizer': 'gd', 'model__optimizer_kw_args': {'friction': 0.9}, 'model__random_state': 42}",0.21702838063439064,0.22203672787979967,0.25041736227045075,0.22982749026154703,0.014702108863241966,96
69,5.362304131189982,0.13840420527329078,0.008678118387858072,0.0006283839462749312,128,1e-05,1e-05,100,gd,{'friction': 0.99},42,"{'model__batch_size': 128, 'model__lambda_reg': 1e-05, 'model__learning_rate': 1e-05, 'model__max_epochs': 100, 'model__optimizer': 'gd', 'model__optimizer_kw_args': {'friction': 0.99}, 'model__random_state': 42}",0.6310517529215359,0.5993322203672788,0.5926544240400667,0.6076794657762937,0.016750046681460688,72
70,5.036832809448242,0.322339184974881,0.00750422477722168,0.00041037523927376415,128,1e-05,1e-05,100,gd,{'friction': 0.5},42,"{'model__batch_size': 128, 'model__lambda_reg': 1e-05, 'model__learning_rate': 1e-05, 'model__max_epochs': 100, 'model__optimizer': 'gd', 'model__optimizer_kw_args': {'friction': 0.5}, 'model__random_state': 42}",0.18530884808013356,0.18196994991652754,0.19198664440734559,0.18642181413466888,0.004164337659180797,111
71,4.875204086303711,0.184284120808988,0.007706085840861003,0.0006213184003583776,128,1e-05,1e-05,100,gd,{'friction': 0},42,"{'model__batch_size': 128, 'model__lambda_reg': 1e-05, 'model__learning_rate': 1e-05, 'model__max_epochs': 100, 'model__optimizer': 'gd', 'model__optimizer_kw_args': {'friction': 0}, 'model__random_state': 42}",0.17362270450751252,0.18196994991652754,0.17863105175292154,0.1780745687256539,0.0034303917657033797,116
72,0.6937955220540365,0.07076496250580472,0.010519107182820639,0.0008157563911458406,32,1e-05,0.01,10,newton,,42,"{'model__batch_size': 32, 'model__lambda_reg': 1e-05, 'model__learning_rate': 0.01, 'model__max_epochs': 10, 'model__optimizer': 'newton', 'model__random_state': 42}",0.5676126878130217,0.48247078464106846,0.4590984974958264,0.5030606566499721,0.046631816728183895,76
73,3.136038382848104,0.14255409916706907,0.008516152699788412,0.0008182893890866661,32,1e-05,0.01,50,newton,,42,"{'model__batch_size': 32, 'model__lambda_reg': 1e-05, 'model__learning_rate': 0.01, 'model__max_epochs': 50, 'model__optimizer': 'newton', 'model__random_state': 42}",0.4757929883138564,0.5776293823038398,0.41903171953255425,0.49081803005008345,0.06561310117402938,78
74,5.729696750640869,0.32622487974643166,0.008681297302246094,0.0008473621926052453,32,1e-05,0.01,100,newton,,42,"{'model__batch_size': 32, 'model__lambda_reg': 1e-05, 'model__learning_rate': 0.01, 'model__max_epochs': 100, 'model__optimizer': 'newton', 'model__random_state': 42}",0.3555926544240401,0.5642737896494157,0.18030050083472454,0.36672231496939345,0.15695386506589262,84
75,0.5838762124379476,0.03896455045332734,0.010865132013956705,0.004373204117029892,32,1e-05,1e-05,10,newton,,42,"{'model__batch_size': 32, 'model__lambda_reg': 1e-05, 'model__learning_rate': 1e-05, 'model__max_epochs': 10, 'model__optimizer': 'newton', 'model__random_state': 42}",0.9065108514190318,0.8948247078464107,0.9048414023372288,0.9020589872008903,0.00516061129409892,40
76,2.6278908252716064,0.05218471568110373,0.007515668869018555,1.9756639631042564e-06,32,1e-05,1e-05,50,newton,,42,"{'model__batch_size': 32, 'model__lambda_reg': 1e-05, 'model__learning_rate': 1e-05, 'model__max_epochs': 50, 'model__optimizer': 'newton', 'model__random_state': 42}",0.9365609348914858,0.9265442404006677,0.9215358931552587,0.9282136894824707,0.0062465064887712125,23
77,5.745386441548665,0.321720685867729,0.008524179458618164,0.000386280088928575,32,1e-05,1e-05,100,newton,,42,"{'model__batch_size': 32, 'model__lambda_reg': 1e-05, 'model__learning_rate': 1e-05, 'model__max_epochs': 100, 'model__optimizer': 'newton', 'model__random_state': 42}",0.9348914858096828,0.9382303839732888,0.9232053422370617,0.9321090706733445,0.006441756762821519,18
78,0.5176513195037842,0.014561301822487554,0.008186578750610352,0.000479349550965814,64,1e-05,0.01,10,newton,,42,"{'model__batch_size': 64, 'model__lambda_reg': 1e-05, 'model__learning_rate': 0.01, 'model__max_epochs': 10, 'model__optimizer': 'newton', 'model__random_state': 42}",0.5692821368948247,0.5208681135225376,0.5575959933222037,0.5492487479131887,0.02062743794418543,75
79,2.5224223931630454,0.0039919404329959406,0.00835418701171875,0.00022626572161827128,64,1e-05,0.01,50,newton,,42,"{'model__batch_size': 64, 'model__lambda_reg': 1e-05, 'model__learning_rate': 0.01, 'model__max_epochs': 50, 'model__optimizer': 'newton', 'model__random_state': 42}",0.7278797996661102,0.5759599332220368,0.3606010016694491,0.5548135781858653,0.15068467100306943,74
80,5.067755699157715,0.2091952956291144,0.008700370788574219,0.0002587897221566961,64,1e-05,0.01,100,newton,,42,"{'model__batch_size': 64, 'model__lambda_reg': 1e-05, 'model__learning_rate': 0.01, 'model__max_epochs': 100, 'model__optimizer': 'newton', 'model__random_state': 42}",0.7161936560934892,0.662771285475793,0.10684474123539232,0.4952698942682248,0.27552260893562275,77
81,0.490531047185262,0.00864711515872741,0.008837223052978516,0.0019345424842929363,64,1e-05,1e-05,10,newton,,42,"{'model__batch_size': 64, 'model__lambda_reg': 1e-05, 'model__learning_rate': 1e-05, 'model__max_epochs': 10, 'model__optimizer': 'newton', 'model__random_state': 42}",0.8864774624373957,0.8848080133555927,0.8948247078464107,0.8887033945464663,0.004381751738459532,48
82,2.5236329237620034,0.15572676045999806,0.008952061335245768,0.0009063604155003241,64,1e-05,1e-05,50,newton,,42,"{'model__batch_size': 64, 'model__lambda_reg': 1e-05, 'model__learning_rate': 1e-05, 'model__max_epochs': 50, 'model__optimizer': 'newton', 'model__random_state': 42}",0.9465776293823038,0.9365609348914858,0.9298831385642737,0.9376739009460211,0.006860783531406778,8
83,4.998569091161092,0.1698935569414358,0.007851759592692057,0.00047210114996419693,64,1e-05,1e-05,100,newton,,42,"{'model__batch_size': 64, 'model__lambda_reg': 1e-05, 'model__learning_rate': 1e-05, 'model__max_epochs': 100, 'model__optimizer': 'newton', 'model__random_state': 42}",0.9482470784641068,0.9398998330550918,0.9282136894824707,0.9387868670005565,0.008216373433630178,7
84,0.5069046020507812,0.02156496933729005,0.010188579559326172,0.0012486624022819738,128,1e-05,0.01,10,newton,,42,"{'model__batch_size': 128, 'model__lambda_reg': 1e-05, 'model__learning_rate': 0.01, 'model__max_epochs': 10, 'model__optimizer': 'newton', 'model__random_state': 42}",0.7696160267111853,0.5993322203672788,0.6961602671118531,0.6883695047301058,0.0697360053325344,68
85,2.576819976170858,0.038597413034225286,0.009184598922729492,0.0009398758557881768,128,1e-05,0.01,50,newton,,42,"{'model__batch_size': 128, 'model__lambda_reg': 1e-05, 'model__learning_rate': 0.01, 'model__max_epochs': 50, 'model__optimizer': 'newton', 'model__random_state': 42}",0.8013355592654424,0.5859766277128547,0.7228714524207012,0.7033945464663328,0.08899205863084832,67
86,4.861080010732015,0.09881673749054805,0.008185784022013346,0.0004731686593268136,128,1e-05,0.01,100,newton,,42,"{'model__batch_size': 128, 'model__lambda_reg': 1e-05, 'model__learning_rate': 0.01, 'model__max_epochs': 100, 'model__optimizer': 'newton', 'model__random_state': 42}",0.7979966611018364,0.7262103505843072,0.6494156928213689,0.7245409015025043,0.060669412001809024,65
87,0.49979710578918457,0.014744282039953921,0.008382161458333334,0.0008204648402245622,128,1e-05,1e-05,10,newton,,42,"{'model__batch_size': 128, 'model__lambda_reg': 1e-05, 'model__learning_rate': 1e-05, 'model__max_epochs': 10, 'model__optimizer': 'newton', 'model__random_state': 42}",0.8631051752921536,0.8447412353923205,0.8547579298831386,0.8542014468558708,0.007507366479261031,55
88,2.376977523167928,0.08287503847086994,0.007726113001505534,0.00062120573744215,128,1e-05,1e-05,50,newton,,42,"{'model__batch_size': 128, 'model__lambda_reg': 1e-05, 'model__learning_rate': 1e-05, 'model__max_epochs': 50, 'model__optimizer': 'newton', 'model__random_state': 42}",0.9415692821368948,0.9415692821368948,0.9282136894824707,0.9371174179187535,0.006295886755139014,9
89,4.610079129536946,0.02364872342587226,0.01287062962849935,0.000244846039937159,128,1e-05,1e-05,100,newton,,42,"{'model__batch_size': 128, 'model__lambda_reg': 1e-05, 'model__learning_rate': 1e-05, 'model__max_epochs': 100, 'model__optimizer': 'newton', 'model__random_state': 42}",0.9398998330550918,0.9432387312186978,0.9365609348914858,0.9398998330550917,0.0027261989346501593,6
90,0.6283963521321615,0.01313484782257696,0.009181817372639975,0.0012460730650686203,32,1e-05,0.01,10,adam,"{'p1': 0.9, 'p2': 0.999}",42,"{'model__batch_size': 32, 'model__lambda_reg': 1e-05, 'model__learning_rate': 0.01, 'model__max_epochs': 10, 'model__optimizer': 'adam', 'model__optimizer_kw_args': {'p1': 0.9, 'p2': 0.999}, 'model__random_state': 42}",0.9265442404006677,0.9215358931552587,0.9248747913188647,0.9243183082915971,0.0020821688295903874,25
91,0.591764767964681,0.024357155876922557,0.00801245371500651,0.00040813223457416794,32,1e-05,0.01,10,adam,"{'p1': 0.7, 'p2': 0.6}",42,"{'model__batch_size': 32, 'model__lambda_reg': 1e-05, 'model__learning_rate': 0.01, 'model__max_epochs': 10, 'model__optimizer': 'adam', 'model__optimizer_kw_args': {'p1': 0.7, 'p2': 0.6}, 'model__random_state': 42}",0.9348914858096828,0.9398998330550918,0.9315525876460768,0.9354479688369505,0.0034303917657033675,13
92,2.8076115449269614,0.0452979234796763,0.008009592692057291,0.0010851469012012368,32,1e-05,0.01,50,adam,"{'p1': 0.9, 'p2': 0.999}",42,"{'model__batch_size': 32, 'model__lambda_reg': 1e-05, 'model__learning_rate': 0.01, 'model__max_epochs': 50, 'model__optimizer': 'adam', 'model__optimizer_kw_args': {'p1': 0.9, 'p2': 0.999}, 'model__random_state': 42}",0.9565943238731218,0.9532554257095158,0.9415692821368948,0.9504730105731776,0.006441756762821468,1
93,2.8061704635620117,0.07756665973215054,0.014611482620239258,0.008618357490575573,32,1e-05,0.01,50,adam,"{'p1': 0.7, 'p2': 0.6}",42,"{'model__batch_size': 32, 'model__lambda_reg': 1e-05, 'model__learning_rate': 0.01, 'model__max_epochs': 50, 'model__optimizer': 'adam', 'model__optimizer_kw_args': {'p1': 0.7, 'p2': 0.6}, 'model__random_state': 42}",0.9365609348914858,0.9449081803005008,0.9198664440734557,0.9337785197551475,0.010410844147951986,16
94,5.717343250910441,0.09843375231040526,0.008526961008707682,2.8366356368978416e-06,32,1e-05,0.01,100,adam,"{'p1': 0.9, 'p2': 0.999}",42,"{'model__batch_size': 32, 'model__lambda_reg': 1e-05, 'model__learning_rate': 0.01, 'model__max_epochs': 100, 'model__optimizer': 'adam', 'model__optimizer_kw_args': {'p1': 0.9, 'p2': 0.999}, 'model__random_state': 42}",0.9565943238731218,0.9532554257095158,0.9415692821368948,0.9504730105731776,0.006441756762821468,1
95,5.919749895731608,0.09141329150654391,0.009038209915161133,0.0010789292567080669,32,1e-05,0.01,100,adam,"{'p1': 0.7, 'p2': 0.6}",42,"{'model__batch_size': 32, 'model__lambda_reg': 1e-05, 'model__learning_rate': 0.01, 'model__max_epochs': 100, 'model__optimizer': 'adam', 'model__optimizer_kw_args': {'p1': 0.7, 'p2': 0.6}, 'model__random_state': 42}",0.9365609348914858,0.9449081803005008,0.9198664440734557,0.9337785197551475,0.010410844147951986,16
96,0.5973466237386068,0.05431948077381707,0.007680336634318034,0.0002263065279098934,32,1e-05,1e-05,10,adam,"{'p1': 0.9, 'p2': 0.999}",42,"{'model__batch_size': 32, 'model__lambda_reg': 1e-05, 'model__learning_rate': 1e-05, 'model__max_epochs': 10, 'model__optimizer': 'adam', 'model__optimizer_kw_args': {'p1': 0.9, 'p2': 0.999}, 'model__random_state': 42}",0.21035058430717862,0.21535893155258765,0.2370617696160267,0.22092376182526433,0.011593025406788905,98
97,0.6530334949493408,0.039971199419721014,0.009012460708618164,0.0007138058218721465,32,1e-05,1e-05,10,adam,"{'p1': 0.7, 'p2': 0.6}",42,"{'model__batch_size': 32, 'model__lambda_reg': 1e-05, 'model__learning_rate': 1e-05, 'model__max_epochs': 10, 'model__optimizer': 'adam', 'model__optimizer_kw_args': {'p1': 0.7, 'p2': 0.6}, 'model__random_state': 42}",0.20868113522537562,0.21535893155258765,0.2337228714524207,0.21925431274346133,0.01058781168082385,100
98,2.852222204208374,0.05492687925584646,0.008850495020548502,0.0005008831945009563,32,1e-05,1e-05,50,adam,"{'p1': 0.9, 'p2': 0.999}",42,"{'model__batch_size': 32, 'model__lambda_reg': 1e-05, 'model__learning_rate': 1e-05, 'model__max_epochs': 50, 'model__optimizer': 'adam', 'model__optimizer_kw_args': {'p1': 0.9, 'p2': 0.999}, 'model__random_state': 42}",0.4040066777963272,0.3772954924874791,0.3756260434056761,0.38564273789649417,0.013003140173119558,81
99,2.8579631646474204,0.08619735026562704,0.008683443069458008,0.0013135708921416275,32,1e-05,1e-05,50,adam,"{'p1': 0.7, 'p2': 0.6}",42,"{'model__batch_size': 32, 'model__lambda_reg': 1e-05, 'model__learning_rate': 1e-05, 'model__max_epochs': 50, 'model__optimizer': 'adam', 'model__optimizer_kw_args': {'p1': 0.7, 'p2': 0.6}, 'model__random_state': 42}",0.39232053422370616,0.3722871452420701,0.36894824707846413,0.37785197551474686,0.010321222588197763,82
100,5.9150815804799395,0.15691340678130156,0.008028586705525717,0.0004037199527201323,32,1e-05,1e-05,100,adam,"{'p1': 0.9, 'p2': 0.999}",42,"{'model__batch_size': 32, 'model__lambda_reg': 1e-05, 'model__learning_rate': 1e-05, 'model__max_epochs': 100, 'model__optimizer': 'adam', 'model__optimizer_kw_args': {'p1': 0.9, 'p2': 0.999}, 'model__random_state': 42}",0.656093489148581,0.6160267111853088,0.6143572621035058,0.6288258208124652,0.01929319512894796,69
101,5.962584177652995,0.034206216904853905,0.008691549301147461,0.0006331934550516336,32,1e-05,1e-05,100,adam,"{'p1': 0.7, 'p2': 0.6}",42,"{'model__batch_size': 32, 'model__lambda_reg': 1e-05, 'model__learning_rate': 1e-05, 'model__max_epochs': 100, 'model__optimizer': 'adam', 'model__optimizer_kw_args': {'p1': 0.7, 'p2': 0.6}, 'model__random_state': 42}",0.6427378964941569,0.6126878130217028,0.6076794657762938,0.6210350584307178,0.015481833882296656,71
102,0.6394511063893636,0.04099856241644393,0.00803224245707194,0.00038155675597316944,64,1e-05,0.01,10,adam,"{'p1': 0.9, 'p2': 0.999}",42,"{'model__batch_size': 64, 'model__lambda_reg': 1e-05, 'model__learning_rate': 0.01, 'model__max_epochs': 10, 'model__optimizer': 'adam', 'model__optimizer_kw_args': {'p1': 0.9, 'p2': 0.999}, 'model__random_state': 42}",0.9181969949916527,0.9582637729549248,0.9198664440734557,0.9321090706733445,0.018506721367073868,18
103,0.5807640552520752,0.05050911655583529,0.008853832880655924,0.0004729496052054254,64,1e-05,0.01,10,adam,"{'p1': 0.7, 'p2': 0.6}",42,"{'model__batch_size': 64, 'model__lambda_reg': 1e-05, 'model__learning_rate': 0.01, 'model__max_epochs': 10, 'model__optimizer': 'adam', 'model__optimizer_kw_args': {'p1': 0.7, 'p2': 0.6}, 'model__random_state': 42}",0.9181969949916527,0.9499165275459098,0.9332220367278798,0.9337785197551476,0.012955422066580754,15
104,2.773926019668579,0.11301825123548612,0.009184678395589193,0.0017011085848824348,64,1e-05,0.01,50,adam,"{'p1': 0.9, 'p2': 0.999}",42,"{'model__batch_size': 64, 'model__lambda_reg': 1e-05, 'model__learning_rate': 0.01, 'model__max_epochs': 50, 'model__optimizer': 'adam', 'model__optimizer_kw_args': {'p1': 0.9, 'p2': 0.999}, 'model__random_state': 42}",0.9065108514190318,0.9582637729549248,0.9215358931552587,0.9287701725097385,0.021738480784223236,22
105,2.776969830195109,0.24105737766470858,0.007852395375569662,0.000475572232847721,64,1e-05,0.01,50,adam,"{'p1': 0.7, 'p2': 0.6}",42,"{'model__batch_size': 64, 'model__lambda_reg': 1e-05, 'model__learning_rate': 0.01, 'model__max_epochs': 50, 'model__optimizer': 'adam', 'model__optimizer_kw_args': {'p1': 0.7, 'p2': 0.6}, 'model__random_state': 42}",0.9265442404006677,0.9499165275459098,0.9315525876460768,0.9360044518642182,0.01004756265179064,12
106,5.535896937052409,0.16554735334599813,0.010857343673706055,0.002623786074831415,64,1e-05,0.01,100,adam,"{'p1': 0.9, 'p2': 0.999}",42,"{'model__batch_size': 64, 'model__lambda_reg': 1e-05, 'model__learning_rate': 0.01, 'model__max_epochs': 100, 'model__optimizer': 'adam', 'model__optimizer_kw_args': {'p1': 0.9, 'p2': 0.999}, 'model__random_state': 42}",0.9382303839732888,0.9499165275459098,0.9232053422370617,0.9371174179187535,0.01093315676371091,9
107,5.623746871948242,0.03942610978644682,0.01102121671040853,0.004270337971733578,64,1e-05,0.01,100,adam,"{'p1': 0.7, 'p2': 0.6}",42,"{'model__batch_size': 64, 'model__lambda_reg': 1e-05, 'model__learning_rate': 0.01, 'model__max_epochs': 100, 'model__optimizer': 'adam', 'model__optimizer_kw_args': {'p1': 0.7, 'p2': 0.6}, 'model__random_state': 42}",0.9432387312186978,0.9499165275459098,0.9315525876460768,0.941569282136895,0.007589416637165165,4
108,0.5407971541086832,0.014360745309397993,0.007873853047688803,0.0004543603997009035,64,1e-05,1e-05,10,adam,"{'p1': 0.9, 'p2': 0.999}",42,"{'model__batch_size': 64, 'model__lambda_reg': 1e-05, 'model__learning_rate': 1e-05, 'model__max_epochs': 10, 'model__optimizer': 'adam', 'model__optimizer_kw_args': {'p1': 0.9, 'p2': 0.999}, 'model__random_state': 42}",0.19365609348914858,0.19365609348914858,0.20534223706176963,0.1975514746800223,0.005508900910746618,102
109,0.6091838677724203,0.03142451114701355,0.008518377939860025,2.4183788386508526e-06,64,1e-05,1e-05,10,adam,"{'p1': 0.7, 'p2': 0.6}",42,"{'model__batch_size': 64, 'model__lambda_reg': 1e-05, 'model__learning_rate': 1e-05, 'model__max_epochs': 10, 'model__optimizer': 'adam', 'model__optimizer_kw_args': {'p1': 0.7, 'p2': 0.6}, 'model__random_state': 42}",0.19365609348914858,0.19198664440734559,0.2036727879799666,0.19643850862548692,0.005160611294098881,103
110,2.7588278452555337,0.1044266118138586,0.007868369420369467,0.00045892784864948687,64,1e-05,1e-05,50,adam,"{'p1': 0.9, 'p2': 0.999}",42,"{'model__batch_size': 64, 'model__lambda_reg': 1e-05, 'model__learning_rate': 1e-05, 'model__max_epochs': 50, 'model__optimizer': 'adam', 'model__optimizer_kw_args': {'p1': 0.9, 'p2': 0.999}, 'model__random_state': 42}",0.2854757929883139,0.2871452420701169,0.3071786310517529,0.29326655537006124,0.0098609043665383,89
111,2.5666542847951255,0.019083857856971836,0.0075117746988932295,0.0004118941312333391,64,1e-05,1e-05,50,adam,"{'p1': 0.7, 'p2': 0.6}",42,"{'model__batch_size': 64, 'model__lambda_reg': 1e-05, 'model__learning_rate': 1e-05, 'model__max_epochs': 50, 'model__optimizer': 'adam', 'model__optimizer_kw_args': {'p1': 0.7, 'p2': 0.6}, 'model__random_state': 42}",0.28213689482470783,0.28046744574290483,0.3071786310517529,0.2899276572064552,0.012217305731830915,90
112,5.234504461288452,0.1700445463966993,0.00818490982055664,0.0004703589905164545,64,1e-05,1e-05,100,adam,"{'p1': 0.9, 'p2': 0.999}",42,"{'model__batch_size': 64, 'model__lambda_reg': 1e-05, 'model__learning_rate': 1e-05, 'model__max_epochs': 100, 'model__optimizer': 'adam', 'model__optimizer_kw_args': {'p1': 0.9, 'p2': 0.999}, 'model__random_state': 42}",0.4557595993322204,0.41903171953255425,0.42237061769616024,0.43238731218697835,0.016582820729828994,79
113,5.099866310755412,0.05395244607905726,0.007838249206542969,0.0006298998104237415,64,1e-05,1e-05,100,adam,"{'p1': 0.7, 'p2': 0.6}",42,"{'model__batch_size': 64, 'model__lambda_reg': 1e-05, 'model__learning_rate': 1e-05, 'model__max_epochs': 100, 'model__optimizer': 'adam', 'model__optimizer_kw_args': {'p1': 0.7, 'p2': 0.6}, 'model__random_state': 42}",0.4540901502504174,0.41068447412353926,0.42070116861435725,0.42849193099610466,0.01855685253259106,80
114,0.4650534788767497,0.0027330699858531477,0.007826646169026693,0.00021704781483584897,128,1e-05,0.01,10,adam,"{'p1': 0.9, 'p2': 0.999}",42,"{'model__batch_size': 128, 'model__lambda_reg': 1e-05, 'model__learning_rate': 0.01, 'model__max_epochs': 10, 'model__optimizer': 'adam', 'model__optimizer_kw_args': {'p1': 0.9, 'p2': 0.999}, 'model__random_state': 42}",0.9282136894824707,0.9348914858096828,0.9315525876460768,0.931552587646077,0.0027261989346502044,20
115,0.4801523685455322,0.007996048313404308,0.008344332377115885,0.00024304778141468104,128,1e-05,0.01,10,adam,"{'p1': 0.7, 'p2': 0.6}",42,"{'model__batch_size': 128, 'model__lambda_reg': 1e-05, 'model__learning_rate': 0.01, 'model__max_epochs': 10, 'model__optimizer': 'adam', 'model__optimizer_kw_args': {'p1': 0.7, 'p2': 0.6}, 'model__random_state': 42}",0.9248747913188647,0.9449081803005008,0.9215358931552587,0.9304396215915415,0.010321222588197789,21
116,2.3770816326141357,0.03187616659015103,0.007820606231689453,0.0002160225828385325,128,1e-05,0.01,50,adam,"{'p1': 0.9, 'p2': 0.999}",42,"{'model__batch_size': 128, 'model__lambda_reg': 1e-05, 'model__learning_rate': 0.01, 'model__max_epochs': 50, 'model__optimizer': 'adam', 'model__optimizer_kw_args': {'p1': 0.9, 'p2': 0.999}, 'model__random_state': 42}",0.9248747913188647,0.9565943238731218,0.9298831385642737,0.9371174179187535,0.013923200893930775,9
117,2.45182998975118,0.022872277827952696,0.008144776026407877,0.0002649024141203011,128,1e-05,0.01,50,adam,"{'p1': 0.7, 'p2': 0.6}",42,"{'model__batch_size': 128, 'model__lambda_reg': 1e-05, 'model__learning_rate': 0.01, 'model__max_epochs': 50, 'model__optimizer': 'adam', 'model__optimizer_kw_args': {'p1': 0.7, 'p2': 0.6}, 'model__random_state': 42}",0.9348914858096828,0.9599332220367279,0.9298831385642737,0.9415692821368947,0.013145255215378682,5
118,4.619418064753215,0.16804864026529637,0.00801539421081543,0.0010694375857198183,128,1e-05,0.01,100,adam,"{'p1': 0.9, 'p2': 0.999}",42,"{'model__batch_size': 128, 'model__lambda_reg': 1e-05, 'model__learning_rate': 0.01, 'model__max_epochs': 100, 'model__optimizer': 'adam', 'model__optimizer_kw_args': {'p1': 0.9, 'p2': 0.999}, 'model__random_state': 42}",0.9181969949916527,0.9499165275459098,0.9365609348914858,0.934891485809683,0.013003140173119553,14
119,4.262784560521443,0.11856280815819385,0.004181464513142903,0.00047043195208861004,128,1e-05,0.01,100,adam,"{'p1': 0.7, 'p2': 0.6}",42,"{'model__batch_size': 128, 'model__lambda_reg': 1e-05, 'model__learning_rate': 0.01, 'model__max_epochs': 100, 'model__optimizer': 'adam', 'model__optimizer_kw_args': {'p1': 0.7, 'p2': 0.6}, 'model__random_state': 42}",0.9348914858096828,0.9616026711185309,0.9298831385642737,0.9421257651641625,0.013923200893930806,3
120,0.5085675716400146,0.03739395397142397,0.008182446161905924,0.00047131585648235724,128,1e-05,1e-05,10,adam,"{'p1': 0.9, 'p2': 0.999}",42,"{'model__batch_size': 128, 'model__lambda_reg': 1e-05, 'model__learning_rate': 1e-05, 'model__max_epochs': 10, 'model__optimizer': 'adam', 'model__optimizer_kw_args': {'p1': 0.9, 'p2': 0.999}, 'model__random_state': 42}",0.18530884808013356,0.18530884808013356,0.19532554257095158,0.18864774624373956,0.004721915066354235,109
121,0.5021063486735026,0.021624612960928418,0.00784738858540853,0.000467269287132264,128,1e-05,1e-05,10,adam,"{'p1': 0.7, 'p2': 0.6}",42,"{'model__batch_size': 128, 'model__lambda_reg': 1e-05, 'model__learning_rate': 1e-05, 'model__max_epochs': 10, 'model__optimizer': 'adam', 'model__optimizer_kw_args': {'p1': 0.7, 'p2': 0.6}, 'model__random_state': 42}",0.18363939899833054,0.18530884808013356,0.19532554257095158,0.18809126321647188,0.005160611294098889,110
122,2.3267171382904053,0.037164695502937856,0.008524020512898764,0.0008243249957766539,128,1e-05,1e-05,50,adam,"{'p1': 0.9, 'p2': 0.999}",42,"{'model__batch_size': 128, 'model__lambda_reg': 1e-05, 'model__learning_rate': 1e-05, 'model__max_epochs': 50, 'model__optimizer': 'adam', 'model__optimizer_kw_args': {'p1': 0.9, 'p2': 0.999}, 'model__random_state': 42}",0.2270450751252087,0.2337228714524207,0.2704507512520868,0.24373956594323873,0.019083392542551175,93
123,2.336578687032064,0.046523537902805216,0.00784921646118164,0.00023304933370613476,128,1e-05,1e-05,50,adam,"{'p1': 0.7, 'p2': 0.6}",42,"{'model__batch_size': 128, 'model__lambda_reg': 1e-05, 'model__learning_rate': 1e-05, 'model__max_epochs': 50, 'model__optimizer': 'adam', 'model__optimizer_kw_args': {'p1': 0.7, 'p2': 0.6}, 'model__random_state': 42}",0.2270450751252087,0.2337228714524207,0.2687813021702838,0.24318308291597104,0.018304823821256,94
124,3.319270928700765,0.08833936632165376,0.004836638768513997,0.0016493527489029568,128,1e-05,1e-05,100,adam,"{'p1': 0.9, 'p2': 0.999}",42,"{'model__batch_size': 128, 'model__lambda_reg': 1e-05, 'model__learning_rate': 1e-05, 'model__max_epochs': 100, 'model__optimizer': 'adam', 'model__optimizer_kw_args': {'p1': 0.9, 'p2': 0.999}, 'model__random_state': 42}",0.3055091819699499,0.2988313856427379,0.31719532554257096,0.30717863105175297,0.007589416637165189,86
125,2.8306771914164224,0.24214356333018466,0.0038131078084309897,0.00021712811399859057,128,1e-05,1e-05,100,adam,"{'p1': 0.7, 'p2': 0.6}",42,"{'model__batch_size': 128, 'model__lambda_reg': 1e-05, 'model__learning_rate': 1e-05, 'model__max_epochs': 100, 'model__optimizer': 'adam', 'model__optimizer_kw_args': {'p1': 0.7, 'p2': 0.6}, 'model__random_state': 42}",0.3055091819699499,0.29716193656093487,0.31552587646076796,0.3060656649972176,0.007507366479261029,87
