,mean_fit_time,std_fit_time,mean_score_time,std_score_time,param_model__batch_size,param_model__lambda_reg,param_model__learning_rate,param_model__loss_function,param_model__max_epochs,param_model__optimizer,param_model__optimizer_kw_args,param_model__random_state,params,split0_test_score,split1_test_score,split2_test_score,mean_test_score,std_test_score,rank_test_score
0,0.0884710152943929,0.002490010716463201,0.0036781628926595054,0.00022737119881923907,32,1e-05,0.01,cross_entropy,10,gd,{'friction': 0.9},42,"{'model__batch_size': 32, 'model__lambda_reg': 1e-05, 'model__learning_rate': 0.01, 'model__loss_function': 'cross_entropy', 'model__max_epochs': 10, 'model__optimizer': 'gd', 'model__optimizer_kw_args': {'friction': 0.9}, 'model__random_state': 42}",0.6262626262626263,0.622895622895623,0.6296296296296297,0.6262626262626263,0.002749146737130378,55
1,0.08447122573852539,0.0024973180291481363,0.0033451716105143228,0.0008502091961056619,32,1e-05,0.01,cross_entropy,10,gd,{'friction': 0.99},42,"{'model__batch_size': 32, 'model__lambda_reg': 1e-05, 'model__learning_rate': 0.01, 'model__loss_function': 'cross_entropy', 'model__max_epochs': 10, 'model__optimizer': 'gd', 'model__optimizer_kw_args': {'friction': 0.99}, 'model__random_state': 42}",0.6161616161616161,0.6161616161616161,0.6161616161616161,0.6161616161616161,0.0,56
2,0.0792843500773112,0.0023643260522898837,0.004181623458862305,0.00046986154589333164,32,1e-05,0.01,cross_entropy,10,gd,{'friction': 0.5},42,"{'model__batch_size': 32, 'model__lambda_reg': 1e-05, 'model__learning_rate': 0.01, 'model__loss_function': 'cross_entropy', 'model__max_epochs': 10, 'model__optimizer': 'gd', 'model__optimizer_kw_args': {'friction': 0.5}, 'model__random_state': 42}",0.5925925925925926,0.6060606060606061,0.5757575757575758,0.5914702581369248,0.012396589244879068,93
3,0.07227563858032227,0.0012503187366251739,0.003010272979736328,0.0004062755192399736,32,1e-05,0.01,cross_entropy,10,gd,{'friction': 0},42,"{'model__batch_size': 32, 'model__lambda_reg': 1e-05, 'model__learning_rate': 0.01, 'model__loss_function': 'cross_entropy', 'model__max_epochs': 10, 'model__optimizer': 'gd', 'model__optimizer_kw_args': {'friction': 0}, 'model__random_state': 42}",0.5959595959595959,0.5892255892255892,0.5589225589225589,0.5813692480359146,0.016108529847819648,100
4,0.3339105447133382,0.009045653881243333,0.0028204917907714844,0.0012002286489334402,32,1e-05,0.01,cross_entropy,50,gd,{'friction': 0.9},42,"{'model__batch_size': 32, 'model__lambda_reg': 1e-05, 'model__learning_rate': 0.01, 'model__loss_function': 'cross_entropy', 'model__max_epochs': 50, 'model__optimizer': 'gd', 'model__optimizer_kw_args': {'friction': 0.9}, 'model__random_state': 42}",0.7508417508417509,0.8080808080808081,0.8215488215488216,0.7934904601571269,0.030654321624573877,35
5,0.33673930168151855,0.014976713575260531,0.0028388500213623047,0.0002287736113639128,32,1e-05,0.01,cross_entropy,50,gd,{'friction': 0.99},42,"{'model__batch_size': 32, 'model__lambda_reg': 1e-05, 'model__learning_rate': 0.01, 'model__loss_function': 'cross_entropy', 'model__max_epochs': 50, 'model__optimizer': 'gd', 'model__optimizer_kw_args': {'friction': 0.99}, 'model__random_state': 42}",0.6161616161616161,0.6161616161616161,0.6161616161616161,0.6161616161616161,0.0,56
6,0.3270539442698161,0.0028324986289418336,0.002343336741129557,0.0006257845780084096,32,1e-05,0.01,cross_entropy,50,gd,{'friction': 0.5},42,"{'model__batch_size': 32, 'model__lambda_reg': 1e-05, 'model__learning_rate': 0.01, 'model__loss_function': 'cross_entropy', 'model__max_epochs': 50, 'model__optimizer': 'gd', 'model__optimizer_kw_args': {'friction': 0.5}, 'model__random_state': 42}",0.6296296296296297,0.6060606060606061,0.67003367003367,0.6352413019079686,0.02641661570356859,54
7,0.315032164255778,0.006824663352992983,0.0026667118072509766,0.00047019315352129923,32,1e-05,0.01,cross_entropy,50,gd,{'friction': 0},42,"{'model__batch_size': 32, 'model__lambda_reg': 1e-05, 'model__learning_rate': 0.01, 'model__loss_function': 'cross_entropy', 'model__max_epochs': 50, 'model__optimizer': 'gd', 'model__optimizer_kw_args': {'friction': 0}, 'model__random_state': 42}",0.622895622895623,0.6127946127946128,0.5925925925925926,0.6094276094276094,0.012598173019440913,82
8,0.6703212261199951,0.02150619190403054,0.0028601487477620444,0.0006510571982255897,32,1e-05,0.01,cross_entropy,100,gd,{'friction': 0.9},42,"{'model__batch_size': 32, 'model__lambda_reg': 1e-05, 'model__learning_rate': 0.01, 'model__loss_function': 'cross_entropy', 'model__max_epochs': 100, 'model__optimizer': 'gd', 'model__optimizer_kw_args': {'friction': 0.9}, 'model__random_state': 42}",0.7441077441077442,0.8282828282828283,0.8080808080808081,0.7934904601571269,0.03587961248742036,35
9,0.6668612162272135,0.032441365699088294,0.0023332436879475913,0.0004714829060926334,32,1e-05,0.01,cross_entropy,100,gd,{'friction': 0.99},42,"{'model__batch_size': 32, 'model__lambda_reg': 1e-05, 'model__learning_rate': 0.01, 'model__loss_function': 'cross_entropy', 'model__max_epochs': 100, 'model__optimizer': 'gd', 'model__optimizer_kw_args': {'friction': 0.99}, 'model__random_state': 42}",0.6161616161616161,0.6161616161616161,0.6161616161616161,0.6161616161616161,0.0,56
10,0.6648860772450765,0.01225830920388124,0.0026712417602539062,0.00047441786727233764,32,1e-05,0.01,cross_entropy,100,gd,{'friction': 0.5},42,"{'model__batch_size': 32, 'model__lambda_reg': 1e-05, 'model__learning_rate': 0.01, 'model__loss_function': 'cross_entropy', 'model__max_epochs': 100, 'model__optimizer': 'gd', 'model__optimizer_kw_args': {'friction': 0.5}, 'model__random_state': 42}",0.7272727272727273,0.6666666666666666,0.7878787878787878,0.7272727272727272,0.049484641268347035,46
11,0.6458606719970703,0.015635642427066374,0.002331813176472982,0.0004708098445928235,32,1e-05,0.01,cross_entropy,100,gd,{'friction': 0},42,"{'model__batch_size': 32, 'model__lambda_reg': 1e-05, 'model__learning_rate': 0.01, 'model__loss_function': 'cross_entropy', 'model__max_epochs': 100, 'model__optimizer': 'gd', 'model__optimizer_kw_args': {'friction': 0}, 'model__random_state': 42}",0.6296296296296297,0.6026936026936027,0.6767676767676768,0.6363636363636364,0.030613202462370044,53
12,1.3321709632873535,0.018716496940623526,0.0021739800771077475,0.000243384176366691,32,1e-05,0.01,cross_entropy,200,gd,{'friction': 0.9},42,"{'model__batch_size': 32, 'model__lambda_reg': 1e-05, 'model__learning_rate': 0.01, 'model__loss_function': 'cross_entropy', 'model__max_epochs': 200, 'model__optimizer': 'gd', 'model__optimizer_kw_args': {'friction': 0.9}, 'model__random_state': 42}",0.7609427609427609,0.8282828282828283,0.8047138047138047,0.7979797979797979,0.02790079213166343,30
13,1.3933297793070476,0.01846938937924905,0.002839167912801107,0.0008480923276206299,32,1e-05,0.01,cross_entropy,200,gd,{'friction': 0.99},42,"{'model__batch_size': 32, 'model__lambda_reg': 1e-05, 'model__learning_rate': 0.01, 'model__loss_function': 'cross_entropy', 'model__max_epochs': 200, 'model__optimizer': 'gd', 'model__optimizer_kw_args': {'friction': 0.99}, 'model__random_state': 42}",0.6161616161616161,0.6161616161616161,0.6161616161616161,0.6161616161616161,0.0,56
14,1.321576754252116,0.02110254403780153,0.004985650380452474,0.0014543154760203844,32,1e-05,0.01,cross_entropy,200,gd,{'friction': 0.5},42,"{'model__batch_size': 32, 'model__lambda_reg': 1e-05, 'model__learning_rate': 0.01, 'model__loss_function': 'cross_entropy', 'model__max_epochs': 200, 'model__optimizer': 'gd', 'model__optimizer_kw_args': {'friction': 0.5}, 'model__random_state': 42}",0.7542087542087542,0.8114478114478114,0.8181818181818182,0.7946127946127947,0.02870193457361262,33
15,1.2873244285583496,0.029647638924496,0.0023418267567952475,0.0002424919204795233,32,1e-05,0.01,cross_entropy,200,gd,{'friction': 0},42,"{'model__batch_size': 32, 'model__lambda_reg': 1e-05, 'model__learning_rate': 0.01, 'model__loss_function': 'cross_entropy', 'model__max_epochs': 200, 'model__optimizer': 'gd', 'model__optimizer_kw_args': {'friction': 0}, 'model__random_state': 42}",0.7272727272727273,0.6565656565656566,0.7845117845117845,0.722783389450056,0.052330160390010164,47
16,0.07647887865702312,0.0064186566813839935,0.0022537708282470703,0.00034307646526988625,32,1e-05,1e-05,cross_entropy,10,gd,{'friction': 0.9},42,"{'model__batch_size': 32, 'model__lambda_reg': 1e-05, 'model__learning_rate': 1e-05, 'model__loss_function': 'cross_entropy', 'model__max_epochs': 10, 'model__optimizer': 'gd', 'model__optimizer_kw_args': {'friction': 0.9}, 'model__random_state': 42}",0.37373737373737376,0.2962962962962963,0.26936026936026936,0.3131313131313131,0.04424332961712015,162
17,0.06860129038492839,0.003193400439817878,0.0025103886922200522,0.00040420082390372884,32,1e-05,1e-05,cross_entropy,10,gd,{'friction': 0.99},42,"{'model__batch_size': 32, 'model__lambda_reg': 1e-05, 'model__learning_rate': 1e-05, 'model__loss_function': 'cross_entropy', 'model__max_epochs': 10, 'model__optimizer': 'gd', 'model__optimizer_kw_args': {'friction': 0.99}, 'model__random_state': 42}",0.42424242424242425,0.3265993265993266,0.31986531986531985,0.3569023569023569,0.047695913267959106,125
18,0.06911150614420573,0.002182315139096528,0.0030145645141601562,0.0004089278293351102,32,1e-05,1e-05,cross_entropy,10,gd,{'friction': 0.5},42,"{'model__batch_size': 32, 'model__lambda_reg': 1e-05, 'model__learning_rate': 1e-05, 'model__loss_function': 'cross_entropy', 'model__max_epochs': 10, 'model__optimizer': 'gd', 'model__optimizer_kw_args': {'friction': 0.5}, 'model__random_state': 42}",0.3872053872053872,0.2962962962962963,0.2727272727272727,0.31874298540965207,0.04935720185700568,140
19,0.06896559397379558,0.00317898635186756,0.002666314442952474,0.0004715961413898423,32,1e-05,1e-05,cross_entropy,10,gd,{'friction': 0},42,"{'model__batch_size': 32, 'model__lambda_reg': 1e-05, 'model__learning_rate': 1e-05, 'model__loss_function': 'cross_entropy', 'model__max_epochs': 10, 'model__optimizer': 'gd', 'model__optimizer_kw_args': {'friction': 0}, 'model__random_state': 42}",0.3872053872053872,0.2962962962962963,0.2727272727272727,0.31874298540965207,0.04935720185700568,140
20,0.325203816095988,0.005561187701508026,0.002173185348510742,0.00023907982998315336,32,1e-05,1e-05,cross_entropy,50,gd,{'friction': 0.9},42,"{'model__batch_size': 32, 'model__lambda_reg': 1e-05, 'model__learning_rate': 1e-05, 'model__loss_function': 'cross_entropy', 'model__max_epochs': 50, 'model__optimizer': 'gd', 'model__optimizer_kw_args': {'friction': 0.9}, 'model__random_state': 42}",0.3872053872053872,0.31986531986531985,0.32323232323232326,0.3434343434343434,0.030981310307165576,129
21,0.3292250633239746,0.0023904791502637793,0.002837975819905599,0.00023475747370313237,32,1e-05,1e-05,cross_entropy,50,gd,{'friction': 0.99},42,"{'model__batch_size': 32, 'model__lambda_reg': 1e-05, 'model__learning_rate': 1e-05, 'model__loss_function': 'cross_entropy', 'model__max_epochs': 50, 'model__optimizer': 'gd', 'model__optimizer_kw_args': {'friction': 0.99}, 'model__random_state': 42}",0.5925925925925926,0.5757575757575758,0.5387205387205387,0.569023569023569,0.022502735865054344,101
22,0.3410971959431966,0.008169433034465006,0.0020009676615397134,8.104673248279548e-07,32,1e-05,1e-05,cross_entropy,50,gd,{'friction': 0.5},42,"{'model__batch_size': 32, 'model__lambda_reg': 1e-05, 'model__learning_rate': 1e-05, 'model__loss_function': 'cross_entropy', 'model__max_epochs': 50, 'model__optimizer': 'gd', 'model__optimizer_kw_args': {'friction': 0.5}, 'model__random_state': 42}",0.37373737373737376,0.2962962962962963,0.26936026936026936,0.3131313131313131,0.04424332961712015,162
23,0.32854557037353516,0.008716886773866266,0.002665837605794271,0.00047159658334802046,32,1e-05,1e-05,cross_entropy,50,gd,{'friction': 0},42,"{'model__batch_size': 32, 'model__lambda_reg': 1e-05, 'model__learning_rate': 1e-05, 'model__loss_function': 'cross_entropy', 'model__max_epochs': 50, 'model__optimizer': 'gd', 'model__optimizer_kw_args': {'friction': 0}, 'model__random_state': 42}",0.38047138047138046,0.2962962962962963,0.2727272727272727,0.31649831649831645,0.04624780646023909,148
24,0.645381768544515,0.00996332752679181,0.0023177464803059897,0.0004822750887550019,32,1e-05,1e-05,cross_entropy,100,gd,{'friction': 0.9},42,"{'model__batch_size': 32, 'model__lambda_reg': 1e-05, 'model__learning_rate': 1e-05, 'model__loss_function': 'cross_entropy', 'model__max_epochs': 100, 'model__optimizer': 'gd', 'model__optimizer_kw_args': {'friction': 0.9}, 'model__random_state': 42}",0.5016835016835017,0.4208754208754209,0.4713804713804714,0.4646464646464647,0.033331632783204265,120
25,0.6578058401743571,0.012576639145646495,0.002193291982014974,0.00026702216212008787,32,1e-05,1e-05,cross_entropy,100,gd,{'friction': 0.99},42,"{'model__batch_size': 32, 'model__lambda_reg': 1e-05, 'model__learning_rate': 1e-05, 'model__loss_function': 'cross_entropy', 'model__max_epochs': 100, 'model__optimizer': 'gd', 'model__optimizer_kw_args': {'friction': 0.99}, 'model__random_state': 42}",0.5959595959595959,0.5925925925925926,0.5656565656565656,0.5847362514029181,0.013561218825583124,94
26,0.6759284337361654,0.02830762191889606,0.0026667118072509766,0.0004712029827530087,32,1e-05,1e-05,cross_entropy,100,gd,{'friction': 0.5},42,"{'model__batch_size': 32, 'model__lambda_reg': 1e-05, 'model__learning_rate': 1e-05, 'model__loss_function': 'cross_entropy', 'model__max_epochs': 100, 'model__optimizer': 'gd', 'model__optimizer_kw_args': {'friction': 0.5}, 'model__random_state': 42}",0.3771043771043771,0.3063973063973064,0.30303030303030304,0.3288439955106622,0.03415291594770581,134
27,0.6576074759165446,0.03303356000616975,0.002636114756266276,0.0004514036463966111,32,1e-05,1e-05,cross_entropy,100,gd,{'friction': 0},42,"{'model__batch_size': 32, 'model__lambda_reg': 1e-05, 'model__learning_rate': 1e-05, 'model__loss_function': 'cross_entropy', 'model__max_epochs': 100, 'model__optimizer': 'gd', 'model__optimizer_kw_args': {'friction': 0}, 'model__random_state': 42}",0.37373737373737376,0.2962962962962963,0.26936026936026936,0.3131313131313131,0.04424332961712015,162
28,1.3309655984242756,0.002784382685736036,0.003176609675089518,0.00024200737215620587,32,1e-05,1e-05,cross_entropy,200,gd,{'friction': 0.9},42,"{'model__batch_size': 32, 'model__lambda_reg': 1e-05, 'model__learning_rate': 1e-05, 'model__loss_function': 'cross_entropy', 'model__max_epochs': 200, 'model__optimizer': 'gd', 'model__optimizer_kw_args': {'friction': 0.9}, 'model__random_state': 42}",0.5420875420875421,0.47474747474747475,0.47474747474747475,0.49719416386083054,0.031744412174480235,115
29,1.507914702097575,0.039059261814996714,0.004001696904500325,0.00282867193000449,32,1e-05,1e-05,cross_entropy,200,gd,{'friction': 0.99},42,"{'model__batch_size': 32, 'model__lambda_reg': 1e-05, 'model__learning_rate': 1e-05, 'model__loss_function': 'cross_entropy', 'model__max_epochs': 200, 'model__optimizer': 'gd', 'model__optimizer_kw_args': {'friction': 0.99}, 'model__random_state': 42}",0.5925925925925926,0.6127946127946128,0.5757575757575758,0.5937149270482603,0.015141119599587005,92
30,1.4199937184651692,0.03212542140866702,0.002321004867553711,0.00048179721007879806,32,1e-05,1e-05,cross_entropy,200,gd,{'friction': 0.5},42,"{'model__batch_size': 32, 'model__lambda_reg': 1e-05, 'model__learning_rate': 1e-05, 'model__loss_function': 'cross_entropy', 'model__max_epochs': 200, 'model__optimizer': 'gd', 'model__optimizer_kw_args': {'friction': 0.5}, 'model__random_state': 42}",0.39057239057239057,0.31986531986531985,0.32996632996632996,0.34680134680134683,0.03122430469863874,128
31,1.3862436612447102,0.09547887099195444,0.0031865437825520835,0.0002275571248275097,32,1e-05,1e-05,cross_entropy,200,gd,{'friction': 0},42,"{'model__batch_size': 32, 'model__lambda_reg': 1e-05, 'model__learning_rate': 1e-05, 'model__loss_function': 'cross_entropy', 'model__max_epochs': 200, 'model__optimizer': 'gd', 'model__optimizer_kw_args': {'friction': 0}, 'model__random_state': 42}",0.3771043771043771,0.3063973063973064,0.30303030303030304,0.3288439955106622,0.03415291594770581,134
32,0.04942456881205241,0.0019354837024492758,0.002839326858520508,0.00022843693501317064,64,1e-05,0.01,cross_entropy,10,gd,{'friction': 0.9},42,"{'model__batch_size': 64, 'model__lambda_reg': 1e-05, 'model__learning_rate': 0.01, 'model__loss_function': 'cross_entropy', 'model__max_epochs': 10, 'model__optimizer': 'gd', 'model__optimizer_kw_args': {'friction': 0.9}, 'model__random_state': 42}",0.6195286195286195,0.6161616161616161,0.5892255892255892,0.6083052749719416,0.013561218825583124,85
33,0.04432050387064616,0.000942460135620321,0.002850214640299479,0.0004738052591244206,64,1e-05,0.01,cross_entropy,10,gd,{'friction': 0.99},42,"{'model__batch_size': 64, 'model__lambda_reg': 1e-05, 'model__learning_rate': 0.01, 'model__loss_function': 'cross_entropy', 'model__max_epochs': 10, 'model__optimizer': 'gd', 'model__optimizer_kw_args': {'friction': 0.99}, 'model__random_state': 42}",0.6161616161616161,0.6161616161616161,0.6161616161616161,0.6161616161616161,0.0,56
34,0.04494015375773112,0.002604791463082021,0.002511262893676758,0.00041148877998392397,64,1e-05,0.01,cross_entropy,10,gd,{'friction': 0.5},42,"{'model__batch_size': 64, 'model__lambda_reg': 1e-05, 'model__learning_rate': 0.01, 'model__loss_function': 'cross_entropy', 'model__max_epochs': 10, 'model__optimizer': 'gd', 'model__optimizer_kw_args': {'friction': 0.5}, 'model__random_state': 42}",0.5959595959595959,0.5892255892255892,0.5622895622895623,0.5824915824915825,0.014547117168143331,97
35,0.05477293332417806,0.015120158228999706,0.002431631088256836,0.0003233155194708751,64,1e-05,0.01,cross_entropy,10,gd,{'friction': 0},42,"{'model__batch_size': 64, 'model__lambda_reg': 1e-05, 'model__learning_rate': 0.01, 'model__loss_function': 'cross_entropy', 'model__max_epochs': 10, 'model__optimizer': 'gd', 'model__optimizer_kw_args': {'friction': 0}, 'model__random_state': 42}",0.5892255892255892,0.5555555555555556,0.5387205387205387,0.5611672278338945,0.02099695503240146,105
36,0.23596509297688803,0.01828154175848495,0.0031751791636149087,0.00104012296572179,64,1e-05,0.01,cross_entropy,50,gd,{'friction': 0.9},42,"{'model__batch_size': 64, 'model__lambda_reg': 1e-05, 'model__learning_rate': 0.01, 'model__loss_function': 'cross_entropy', 'model__max_epochs': 50, 'model__optimizer': 'gd', 'model__optimizer_kw_args': {'friction': 0.9}, 'model__random_state': 42}",0.7373737373737373,0.7777777777777778,0.7845117845117845,0.7665544332211,0.020816203132425833,42
37,0.23940126101175943,0.018092558495129526,0.0025092760721842446,0.0004046689498902668,64,1e-05,0.01,cross_entropy,50,gd,{'friction': 0.99},42,"{'model__batch_size': 64, 'model__lambda_reg': 1e-05, 'model__learning_rate': 0.01, 'model__loss_function': 'cross_entropy', 'model__max_epochs': 50, 'model__optimizer': 'gd', 'model__optimizer_kw_args': {'friction': 0.99}, 'model__random_state': 42}",0.6161616161616161,0.6161616161616161,0.6161616161616161,0.6161616161616161,0.0,56
38,0.23160274823506674,0.010346609101687915,0.003663937250773112,0.0006438596716851322,64,1e-05,0.01,cross_entropy,50,gd,{'friction': 0.5},42,"{'model__batch_size': 64, 'model__lambda_reg': 1e-05, 'model__learning_rate': 0.01, 'model__loss_function': 'cross_entropy', 'model__max_epochs': 50, 'model__optimizer': 'gd', 'model__optimizer_kw_args': {'friction': 0.5}, 'model__random_state': 42}",0.622895622895623,0.6127946127946128,0.5925925925925926,0.6094276094276094,0.012598173019440913,82
39,0.219389279683431,0.00531673570503669,0.0028508504231770835,0.00047249430980779135,64,1e-05,0.01,cross_entropy,50,gd,{'friction': 0},42,"{'model__batch_size': 64, 'model__lambda_reg': 1e-05, 'model__learning_rate': 0.01, 'model__loss_function': 'cross_entropy', 'model__max_epochs': 50, 'model__optimizer': 'gd', 'model__optimizer_kw_args': {'friction': 0}, 'model__random_state': 42}",0.5959595959595959,0.6195286195286195,0.5791245791245792,0.5982042648709315,0.016571069652338243,89
40,0.504485289255778,0.03164930485453632,0.002666950225830078,0.0009429099027606871,64,1e-05,0.01,cross_entropy,100,gd,{'friction': 0.9},42,"{'model__batch_size': 64, 'model__lambda_reg': 1e-05, 'model__learning_rate': 0.01, 'model__loss_function': 'cross_entropy', 'model__max_epochs': 100, 'model__optimizer': 'gd', 'model__optimizer_kw_args': {'friction': 0.9}, 'model__random_state': 42}",0.7575757575757576,0.8047138047138047,0.8181818181818182,0.7934904601571269,0.025983921218384363,35
41,0.5039904912312826,0.0579668113265993,0.002822717030843099,0.0002226587296425324,64,1e-05,0.01,cross_entropy,100,gd,{'friction': 0.99},42,"{'model__batch_size': 64, 'model__lambda_reg': 1e-05, 'model__learning_rate': 0.01, 'model__loss_function': 'cross_entropy', 'model__max_epochs': 100, 'model__optimizer': 'gd', 'model__optimizer_kw_args': {'friction': 0.99}, 'model__random_state': 42}",0.6161616161616161,0.6161616161616161,0.6161616161616161,0.6161616161616161,0.0,56
42,0.484282652537028,0.019361925135175675,0.0026668707529703775,0.0004706398989559127,64,1e-05,0.01,cross_entropy,100,gd,{'friction': 0.5},42,"{'model__batch_size': 64, 'model__lambda_reg': 1e-05, 'model__learning_rate': 0.01, 'model__loss_function': 'cross_entropy', 'model__max_epochs': 100, 'model__optimizer': 'gd', 'model__optimizer_kw_args': {'friction': 0.5}, 'model__random_state': 42}",0.6296296296296297,0.6060606060606061,0.6835016835016835,0.6397306397306397,0.03241196201614736,52
43,0.4506715138753255,0.021384551125683385,0.0025069713592529297,0.0004089278293351102,64,1e-05,0.01,cross_entropy,100,gd,{'friction': 0},42,"{'model__batch_size': 64, 'model__lambda_reg': 1e-05, 'model__learning_rate': 0.01, 'model__loss_function': 'cross_entropy', 'model__max_epochs': 100, 'model__optimizer': 'gd', 'model__optimizer_kw_args': {'friction': 0}, 'model__random_state': 42}",0.622895622895623,0.6127946127946128,0.5892255892255892,0.6083052749719416,0.014107525353509042,85
44,0.8943842252095541,0.03299988483777689,0.002335151036580404,0.00047114573141958735,64,1e-05,0.01,cross_entropy,200,gd,{'friction': 0.9},42,"{'model__batch_size': 64, 'model__lambda_reg': 1e-05, 'model__learning_rate': 0.01, 'model__loss_function': 'cross_entropy', 'model__max_epochs': 200, 'model__optimizer': 'gd', 'model__optimizer_kw_args': {'friction': 0.9}, 'model__random_state': 42}",0.7575757575757576,0.8215488215488216,0.8080808080808081,0.7957351290684623,0.027537248364501242,31
45,0.8721087773640951,0.03334467790194175,0.0030012925465901694,0.0008167296377309066,64,1e-05,0.01,cross_entropy,200,gd,{'friction': 0.99},42,"{'model__batch_size': 64, 'model__lambda_reg': 1e-05, 'model__learning_rate': 0.01, 'model__loss_function': 'cross_entropy', 'model__max_epochs': 200, 'model__optimizer': 'gd', 'model__optimizer_kw_args': {'friction': 0.99}, 'model__random_state': 42}",0.6161616161616161,0.6161616161616161,0.6161616161616161,0.6161616161616161,0.0,56
46,0.8627564112345377,0.026915149385852974,0.001836220423380534,0.0002317515527710512,64,1e-05,0.01,cross_entropy,200,gd,{'friction': 0.5},42,"{'model__batch_size': 64, 'model__lambda_reg': 1e-05, 'model__learning_rate': 0.01, 'model__loss_function': 'cross_entropy', 'model__max_epochs': 200, 'model__optimizer': 'gd', 'model__optimizer_kw_args': {'friction': 0.5}, 'model__random_state': 42}",0.7407407407407407,0.6666666666666666,0.7811447811447811,0.7295173961840629,0.04740451645778424,44
47,0.8380599021911621,0.036249842116610455,0.0028418699900309243,0.0008477420494713485,64,1e-05,0.01,cross_entropy,200,gd,{'friction': 0},42,"{'model__batch_size': 64, 'model__lambda_reg': 1e-05, 'model__learning_rate': 0.01, 'model__loss_function': 'cross_entropy', 'model__max_epochs': 200, 'model__optimizer': 'gd', 'model__optimizer_kw_args': {'friction': 0}, 'model__random_state': 42}",0.6296296296296297,0.6060606060606061,0.6868686868686869,0.6408529741863075,0.03393090113991239,50
48,0.054455200831095375,0.010855278177334844,0.0026673475901285806,0.00047064005999455894,64,1e-05,1e-05,cross_entropy,10,gd,{'friction': 0.9},42,"{'model__batch_size': 64, 'model__lambda_reg': 1e-05, 'model__learning_rate': 1e-05, 'model__loss_function': 'cross_entropy', 'model__max_epochs': 10, 'model__optimizer': 'gd', 'model__optimizer_kw_args': {'friction': 0.9}, 'model__random_state': 42}",0.38047138047138046,0.2962962962962963,0.2727272727272727,0.31649831649831645,0.04624780646023909,148
49,0.04994384447733561,0.000461325363193603,0.002336899439493815,0.0004673928674297666,64,1e-05,1e-05,cross_entropy,10,gd,{'friction': 0.99},42,"{'model__batch_size': 64, 'model__lambda_reg': 1e-05, 'model__learning_rate': 1e-05, 'model__loss_function': 'cross_entropy', 'model__max_epochs': 10, 'model__optimizer': 'gd', 'model__optimizer_kw_args': {'friction': 0.99}, 'model__random_state': 42}",0.37037037037037035,0.30303030303030304,0.2996632996632997,0.32435465768799104,0.032567044059589004,138
50,0.048254172007242836,0.002330637113051271,0.002666314442952474,0.0004724381641475821,64,1e-05,1e-05,cross_entropy,10,gd,{'friction': 0.5},42,"{'model__batch_size': 64, 'model__lambda_reg': 1e-05, 'model__learning_rate': 1e-05, 'model__loss_function': 'cross_entropy', 'model__max_epochs': 10, 'model__optimizer': 'gd', 'model__optimizer_kw_args': {'friction': 0.5}, 'model__random_state': 42}",0.3872053872053872,0.2962962962962963,0.2727272727272727,0.31874298540965207,0.04935720185700568,140
51,0.04709005355834961,0.0040274497610817165,0.0023345152537027993,0.00047294419666200606,64,1e-05,1e-05,cross_entropy,10,gd,{'friction': 0},42,"{'model__batch_size': 64, 'model__lambda_reg': 1e-05, 'model__learning_rate': 1e-05, 'model__loss_function': 'cross_entropy', 'model__max_epochs': 10, 'model__optimizer': 'gd', 'model__optimizer_kw_args': {'friction': 0}, 'model__random_state': 42}",0.3872053872053872,0.2962962962962963,0.2727272727272727,0.31874298540965207,0.04935720185700568,140
52,0.23047216733296713,0.026938088909599464,0.002672115961710612,0.0002316998752365798,64,1e-05,1e-05,cross_entropy,50,gd,{'friction': 0.9},42,"{'model__batch_size': 64, 'model__lambda_reg': 1e-05, 'model__learning_rate': 1e-05, 'model__loss_function': 'cross_entropy', 'model__max_epochs': 50, 'model__optimizer': 'gd', 'model__optimizer_kw_args': {'friction': 0.9}, 'model__random_state': 42}",0.37037037037037035,0.30303030303030304,0.30303030303030304,0.3254769921436588,0.031744412174480235,136
53,0.2217868169148763,0.001859956715723019,0.0026970704396565757,0.00021671294387281374,64,1e-05,1e-05,cross_entropy,50,gd,{'friction': 0.99},42,"{'model__batch_size': 64, 'model__lambda_reg': 1e-05, 'model__learning_rate': 1e-05, 'model__loss_function': 'cross_entropy', 'model__max_epochs': 50, 'model__optimizer': 'gd', 'model__optimizer_kw_args': {'friction': 0.99}, 'model__random_state': 42}",0.5622895622895623,0.5016835016835017,0.4713804713804714,0.5117845117845118,0.03779451905832262,110
54,0.22682817776997885,0.010137913785172002,0.0030002593994140625,5.840038639982171e-07,64,1e-05,1e-05,cross_entropy,50,gd,{'friction': 0.5},42,"{'model__batch_size': 64, 'model__lambda_reg': 1e-05, 'model__learning_rate': 1e-05, 'model__loss_function': 'cross_entropy', 'model__max_epochs': 50, 'model__optimizer': 'gd', 'model__optimizer_kw_args': {'friction': 0.5}, 'model__random_state': 42}",0.38047138047138046,0.2962962962962963,0.2727272727272727,0.31649831649831645,0.04624780646023909,148
55,0.2136394182840983,0.006914341466863677,0.002172549565633138,0.0002455757144801659,64,1e-05,1e-05,cross_entropy,50,gd,{'friction': 0},42,"{'model__batch_size': 64, 'model__lambda_reg': 1e-05, 'model__learning_rate': 1e-05, 'model__loss_function': 'cross_entropy', 'model__max_epochs': 50, 'model__optimizer': 'gd', 'model__optimizer_kw_args': {'friction': 0}, 'model__random_state': 42}",0.38047138047138046,0.2962962962962963,0.2727272727272727,0.31649831649831645,0.04624780646023909,148
56,0.49953675270080566,0.03983441000569451,0.0023918946584065757,0.00028372975155462445,64,1e-05,1e-05,cross_entropy,100,gd,{'friction': 0.9},42,"{'model__batch_size': 64, 'model__lambda_reg': 1e-05, 'model__learning_rate': 1e-05, 'model__loss_function': 'cross_entropy', 'model__max_epochs': 100, 'model__optimizer': 'gd', 'model__optimizer_kw_args': {'friction': 0.9}, 'model__random_state': 42}",0.3872053872053872,0.31986531986531985,0.32323232323232326,0.3434343434343434,0.030981310307165576,129
57,0.46114738782246906,0.034672620824994775,0.0021917025248209634,0.0005996424705654008,64,1e-05,1e-05,cross_entropy,100,gd,{'friction': 0.99},42,"{'model__batch_size': 64, 'model__lambda_reg': 1e-05, 'model__learning_rate': 1e-05, 'model__loss_function': 'cross_entropy', 'model__max_epochs': 100, 'model__optimizer': 'gd', 'model__optimizer_kw_args': {'friction': 0.99}, 'model__random_state': 42}",0.5925925925925926,0.5757575757575758,0.5387205387205387,0.569023569023569,0.022502735865054344,101
58,0.4379093647003174,0.011416503202708593,0.0026699701944986978,0.00047301854869889336,64,1e-05,1e-05,cross_entropy,100,gd,{'friction': 0.5},42,"{'model__batch_size': 64, 'model__lambda_reg': 1e-05, 'model__learning_rate': 1e-05, 'model__loss_function': 'cross_entropy', 'model__max_epochs': 100, 'model__optimizer': 'gd', 'model__optimizer_kw_args': {'friction': 0.5}, 'model__random_state': 42}",0.37373737373737376,0.2962962962962963,0.26936026936026936,0.3131313131313131,0.04424332961712015,162
59,0.4894445737202962,0.07286133091992023,0.0029997030893961587,0.0008170215989944975,64,1e-05,1e-05,cross_entropy,100,gd,{'friction': 0},42,"{'model__batch_size': 64, 'model__lambda_reg': 1e-05, 'model__learning_rate': 1e-05, 'model__loss_function': 'cross_entropy', 'model__max_epochs': 100, 'model__optimizer': 'gd', 'model__optimizer_kw_args': {'friction': 0}, 'model__random_state': 42}",0.38047138047138046,0.2962962962962963,0.2727272727272727,0.31649831649831645,0.04624780646023909,148
60,0.9332172075907389,0.047724490111942464,0.0023345152537027993,0.00047210098942394396,64,1e-05,1e-05,cross_entropy,200,gd,{'friction': 0.9},42,"{'model__batch_size': 64, 'model__lambda_reg': 1e-05, 'model__learning_rate': 1e-05, 'model__loss_function': 'cross_entropy', 'model__max_epochs': 200, 'model__optimizer': 'gd', 'model__optimizer_kw_args': {'friction': 0.9}, 'model__random_state': 42}",0.4983164983164983,0.45454545454545453,0.4781144781144781,0.4769921436588103,0.017887067845689376,119
61,0.8988568782806396,0.023374166728404,0.002671400705973307,0.00023203247041701363,64,1e-05,1e-05,cross_entropy,200,gd,{'friction': 0.99},42,"{'model__batch_size': 64, 'model__lambda_reg': 1e-05, 'model__learning_rate': 1e-05, 'model__loss_function': 'cross_entropy', 'model__max_epochs': 200, 'model__optimizer': 'gd', 'model__optimizer_kw_args': {'friction': 0.99}, 'model__random_state': 42}",0.5959595959595959,0.5925925925925926,0.5656565656565656,0.5847362514029181,0.013561218825583124,94
62,0.9056511720021566,0.014137127326708798,0.003841400146484375,0.001940288658167961,64,1e-05,1e-05,cross_entropy,200,gd,{'friction': 0.5},42,"{'model__batch_size': 64, 'model__lambda_reg': 1e-05, 'model__learning_rate': 1e-05, 'model__loss_function': 'cross_entropy', 'model__max_epochs': 200, 'model__optimizer': 'gd', 'model__optimizer_kw_args': {'friction': 0.5}, 'model__random_state': 42}",0.37037037037037035,0.30303030303030304,0.2996632996632997,0.32435465768799104,0.032567044059589004,138
63,0.8960280418395996,0.053228860091344414,0.002667506535847982,0.0004719324723236172,64,1e-05,1e-05,cross_entropy,200,gd,{'friction': 0},42,"{'model__batch_size': 64, 'model__lambda_reg': 1e-05, 'model__learning_rate': 1e-05, 'model__loss_function': 'cross_entropy', 'model__max_epochs': 200, 'model__optimizer': 'gd', 'model__optimizer_kw_args': {'friction': 0}, 'model__random_state': 42}",0.37373737373737376,0.2962962962962963,0.26936026936026936,0.3131313131313131,0.04424332961712015,162
64,0.03429388999938965,0.004457824078871953,0.003333409627278646,0.0012474898556169977,128,1e-05,0.01,cross_entropy,10,gd,{'friction': 0.9},42,"{'model__batch_size': 128, 'model__lambda_reg': 1e-05, 'model__learning_rate': 0.01, 'model__loss_function': 'cross_entropy', 'model__max_epochs': 10, 'model__optimizer': 'gd', 'model__optimizer_kw_args': {'friction': 0.9}, 'model__random_state': 42}",0.6195286195286195,0.632996632996633,0.5858585858585859,0.6127946127946128,0.019824379048996286,81
65,0.03631051381429037,0.0006771689915773336,0.0026663939158121743,0.0009429655107775847,128,1e-05,0.01,cross_entropy,10,gd,{'friction': 0.99},42,"{'model__batch_size': 128, 'model__lambda_reg': 1e-05, 'model__learning_rate': 0.01, 'model__loss_function': 'cross_entropy', 'model__max_epochs': 10, 'model__optimizer': 'gd', 'model__optimizer_kw_args': {'friction': 0.99}, 'model__random_state': 42}",0.6161616161616161,0.6161616161616161,0.6161616161616161,0.6161616161616161,0.0,56
66,0.0339059034983317,0.00201506943296982,0.0033614635467529297,0.00025613901717671644,128,1e-05,0.01,cross_entropy,10,gd,{'friction': 0.5},42,"{'model__batch_size': 128, 'model__lambda_reg': 1e-05, 'model__learning_rate': 0.01, 'model__loss_function': 'cross_entropy', 'model__max_epochs': 10, 'model__optimizer': 'gd', 'model__optimizer_kw_args': {'friction': 0.5}, 'model__random_state': 42}",0.5892255892255892,0.5622895622895623,0.5420875420875421,0.5645342312008977,0.01930937209212711,104
67,0.040561676025390625,0.004841146229638209,0.002333402633666992,0.0004725509566908495,128,1e-05,0.01,cross_entropy,10,gd,{'friction': 0},42,"{'model__batch_size': 128, 'model__lambda_reg': 1e-05, 'model__learning_rate': 0.01, 'model__loss_function': 'cross_entropy', 'model__max_epochs': 10, 'model__optimizer': 'gd', 'model__optimizer_kw_args': {'friction': 0}, 'model__random_state': 42}",0.5555555555555556,0.4983164983164983,0.4713804713804714,0.5084175084175084,0.0350987559396451,113
68,0.1460846265157064,0.0030801139664591803,0.0023598670959472656,0.00025434781871378273,128,1e-05,0.01,cross_entropy,50,gd,{'friction': 0.9},42,"{'model__batch_size': 128, 'model__lambda_reg': 1e-05, 'model__learning_rate': 0.01, 'model__loss_function': 'cross_entropy', 'model__max_epochs': 50, 'model__optimizer': 'gd', 'model__optimizer_kw_args': {'friction': 0.9}, 'model__random_state': 42}",0.6262626262626263,0.622895622895623,0.696969696969697,0.6487093153759821,0.034152915947705816,49
69,0.14794079462687174,0.006411581772896569,0.0028405984242757163,0.0006314571267168524,128,1e-05,0.01,cross_entropy,50,gd,{'friction': 0.99},42,"{'model__batch_size': 128, 'model__lambda_reg': 1e-05, 'model__learning_rate': 0.01, 'model__loss_function': 'cross_entropy', 'model__max_epochs': 50, 'model__optimizer': 'gd', 'model__optimizer_kw_args': {'friction': 0.99}, 'model__random_state': 42}",0.6161616161616161,0.6161616161616161,0.6161616161616161,0.6161616161616161,0.0,56
70,0.14945904413859049,0.002501606577343334,0.0028553009033203125,0.0006476271375279531,128,1e-05,0.01,cross_entropy,50,gd,{'friction': 0.5},42,"{'model__batch_size': 128, 'model__lambda_reg': 1e-05, 'model__learning_rate': 0.01, 'model__loss_function': 'cross_entropy', 'model__max_epochs': 50, 'model__optimizer': 'gd', 'model__optimizer_kw_args': {'friction': 0.5}, 'model__random_state': 42}",0.5959595959595959,0.6195286195286195,0.5791245791245792,0.5982042648709315,0.016571069652338243,89
71,0.14482943216959634,0.003239646849807018,0.0020066102345784507,0.00040407010911053194,128,1e-05,0.01,cross_entropy,50,gd,{'friction': 0},42,"{'model__batch_size': 128, 'model__lambda_reg': 1e-05, 'model__learning_rate': 0.01, 'model__loss_function': 'cross_entropy', 'model__max_epochs': 50, 'model__optimizer': 'gd', 'model__optimizer_kw_args': {'friction': 0}, 'model__random_state': 42}",0.5959595959595959,0.5925925925925926,0.5656565656565656,0.5847362514029181,0.013561218825583124,94
72,0.318983793258667,0.025613357798878706,0.0026312669118245444,0.0004480504614065556,128,1e-05,0.01,cross_entropy,100,gd,{'friction': 0.9},42,"{'model__batch_size': 128, 'model__lambda_reg': 1e-05, 'model__learning_rate': 0.01, 'model__loss_function': 'cross_entropy', 'model__max_epochs': 100, 'model__optimizer': 'gd', 'model__optimizer_kw_args': {'friction': 0.9}, 'model__random_state': 42}",0.7171717171717171,0.7744107744107744,0.7811447811447811,0.7575757575757575,0.028701934573612645,43
73,0.3153289159138997,0.020458211433209056,0.0025069713592529297,0.0006984579058413202,128,1e-05,0.01,cross_entropy,100,gd,{'friction': 0.99},42,"{'model__batch_size': 128, 'model__lambda_reg': 1e-05, 'model__learning_rate': 0.01, 'model__loss_function': 'cross_entropy', 'model__max_epochs': 100, 'model__optimizer': 'gd', 'model__optimizer_kw_args': {'friction': 0.99}, 'model__random_state': 42}",0.6161616161616161,0.6161616161616161,0.6161616161616161,0.6161616161616161,0.0,56
74,0.3067111174265544,0.018985370849396985,0.003001054128011068,0.0008171194372996977,128,1e-05,0.01,cross_entropy,100,gd,{'friction': 0.5},42,"{'model__batch_size': 128, 'model__lambda_reg': 1e-05, 'model__learning_rate': 0.01, 'model__loss_function': 'cross_entropy', 'model__max_epochs': 100, 'model__optimizer': 'gd', 'model__optimizer_kw_args': {'friction': 0.5}, 'model__random_state': 42}",0.622895622895623,0.6127946127946128,0.5925925925925926,0.6094276094276094,0.012598173019440913,82
75,0.31128716468811035,0.012780104691827162,0.0071718692779541016,0.006623229003105934,128,1e-05,0.01,cross_entropy,100,gd,{'friction': 0},42,"{'model__batch_size': 128, 'model__lambda_reg': 1e-05, 'model__learning_rate': 0.01, 'model__loss_function': 'cross_entropy', 'model__max_epochs': 100, 'model__optimizer': 'gd', 'model__optimizer_kw_args': {'friction': 0}, 'model__random_state': 42}",0.5959595959595959,0.6195286195286195,0.5757575757575758,0.5970819304152637,0.017887067845689334,91
76,0.6084163983662924,0.03424964730717087,0.004174629847208659,0.0030732360237736727,128,1e-05,0.01,cross_entropy,200,gd,{'friction': 0.9},42,"{'model__batch_size': 128, 'model__lambda_reg': 1e-05, 'model__learning_rate': 0.01, 'model__loss_function': 'cross_entropy', 'model__max_epochs': 200, 'model__optimizer': 'gd', 'model__optimizer_kw_args': {'friction': 0.9}, 'model__random_state': 42}",0.7575757575757576,0.8047138047138047,0.8148148148148148,0.7923681257014591,0.02494512993366202,38
77,0.6231160163879395,0.026233418011660556,0.002334753672281901,0.0004714266399769444,128,1e-05,0.01,cross_entropy,200,gd,{'friction': 0.99},42,"{'model__batch_size': 128, 'model__lambda_reg': 1e-05, 'model__learning_rate': 0.01, 'model__loss_function': 'cross_entropy', 'model__max_epochs': 200, 'model__optimizer': 'gd', 'model__optimizer_kw_args': {'friction': 0.99}, 'model__random_state': 42}",0.6161616161616161,0.6161616161616161,0.6161616161616161,0.6161616161616161,0.0,56
78,0.6376758416493734,0.029480056173373216,0.003667593002319336,0.0009417296861329927,128,1e-05,0.01,cross_entropy,200,gd,{'friction': 0.5},42,"{'model__batch_size': 128, 'model__lambda_reg': 1e-05, 'model__learning_rate': 0.01, 'model__loss_function': 'cross_entropy', 'model__max_epochs': 200, 'model__optimizer': 'gd', 'model__optimizer_kw_args': {'friction': 0.5}, 'model__random_state': 42}",0.6296296296296297,0.6060606060606061,0.6868686868686869,0.6408529741863075,0.03393090113991239,50
79,0.5912369092305502,0.0058124893041330864,0.002525488535563151,0.00040993273541890373,128,1e-05,0.01,cross_entropy,200,gd,{'friction': 0},42,"{'model__batch_size': 128, 'model__lambda_reg': 1e-05, 'model__learning_rate': 0.01, 'model__loss_function': 'cross_entropy', 'model__max_epochs': 200, 'model__optimizer': 'gd', 'model__optimizer_kw_args': {'friction': 0}, 'model__random_state': 42}",0.622895622895623,0.6127946127946128,0.5858585858585859,0.6071829405162739,0.01563231007540307,88
80,0.032867987950642906,0.0018141314055869179,0.0031772454579671225,0.001036908510432527,128,1e-05,1e-05,cross_entropy,10,gd,{'friction': 0.9},42,"{'model__batch_size': 128, 'model__lambda_reg': 1e-05, 'model__learning_rate': 1e-05, 'model__loss_function': 'cross_entropy', 'model__max_epochs': 10, 'model__optimizer': 'gd', 'model__optimizer_kw_args': {'friction': 0.9}, 'model__random_state': 42}",0.3872053872053872,0.2962962962962963,0.2727272727272727,0.31874298540965207,0.04935720185700568,140
81,0.032398621241251625,0.0010207088436261893,0.006345272064208984,0.004731405439096713,128,1e-05,1e-05,cross_entropy,10,gd,{'friction': 0.99},42,"{'model__batch_size': 128, 'model__lambda_reg': 1e-05, 'model__learning_rate': 1e-05, 'model__loss_function': 'cross_entropy', 'model__max_epochs': 10, 'model__optimizer': 'gd', 'model__optimizer_kw_args': {'friction': 0.99}, 'model__random_state': 42}",0.3771043771043771,0.2962962962962963,0.2727272727272727,0.3153759820426487,0.04469653816327695,158
82,0.03488834698994955,0.001678337787748104,0.0023210843404134116,0.000455468700539722,128,1e-05,1e-05,cross_entropy,10,gd,{'friction': 0.5},42,"{'model__batch_size': 128, 'model__lambda_reg': 1e-05, 'model__learning_rate': 1e-05, 'model__loss_function': 'cross_entropy', 'model__max_epochs': 10, 'model__optimizer': 'gd', 'model__optimizer_kw_args': {'friction': 0.5}, 'model__random_state': 42}",0.3872053872053872,0.2962962962962963,0.2727272727272727,0.31874298540965207,0.04935720185700568,140
83,0.031559149424235024,0.0008151732707848878,0.0026667118072509766,0.0004722145045116334,128,1e-05,1e-05,cross_entropy,10,gd,{'friction': 0},42,"{'model__batch_size': 128, 'model__lambda_reg': 1e-05, 'model__learning_rate': 1e-05, 'model__loss_function': 'cross_entropy', 'model__max_epochs': 10, 'model__optimizer': 'gd', 'model__optimizer_kw_args': {'friction': 0}, 'model__random_state': 42}",0.3872053872053872,0.2962962962962963,0.2727272727272727,0.31874298540965207,0.04935720185700568,140
84,0.14599005381266275,0.002749708290918976,0.0021766026814778647,0.00024275276073372305,128,1e-05,1e-05,cross_entropy,50,gd,{'friction': 0.9},42,"{'model__batch_size': 128, 'model__lambda_reg': 1e-05, 'model__learning_rate': 1e-05, 'model__loss_function': 'cross_entropy', 'model__max_epochs': 50, 'model__optimizer': 'gd', 'model__optimizer_kw_args': {'friction': 0.9}, 'model__random_state': 42}",0.38047138047138046,0.2962962962962963,0.26936026936026936,0.31537598204264866,0.04732473320383393,159
85,0.15580503145853677,0.014757597832135398,0.0021742979685465493,0.0002482177749407255,128,1e-05,1e-05,cross_entropy,50,gd,{'friction': 0.99},42,"{'model__batch_size': 128, 'model__lambda_reg': 1e-05, 'model__learning_rate': 1e-05, 'model__loss_function': 'cross_entropy', 'model__max_epochs': 50, 'model__optimizer': 'gd', 'model__optimizer_kw_args': {'friction': 0.99}, 'model__random_state': 42}",0.4983164983164983,0.45791245791245794,0.4781144781144781,0.47811447811447816,0.016494880422782337,118
86,0.15886767705281576,0.008145503926425992,0.0024930636088053384,0.00043401849517347746,128,1e-05,1e-05,cross_entropy,50,gd,{'friction': 0.5},42,"{'model__batch_size': 128, 'model__lambda_reg': 1e-05, 'model__learning_rate': 1e-05, 'model__loss_function': 'cross_entropy', 'model__max_epochs': 50, 'model__optimizer': 'gd', 'model__optimizer_kw_args': {'friction': 0.5}, 'model__random_state': 42}",0.38047138047138046,0.2962962962962963,0.2727272727272727,0.31649831649831645,0.04624780646023909,148
87,0.15789111455281576,0.007998206029145274,0.0029997825622558594,5.571041796468698e-06,128,1e-05,1e-05,cross_entropy,50,gd,{'friction': 0},42,"{'model__batch_size': 128, 'model__lambda_reg': 1e-05, 'model__learning_rate': 1e-05, 'model__loss_function': 'cross_entropy', 'model__max_epochs': 50, 'model__optimizer': 'gd', 'model__optimizer_kw_args': {'friction': 0}, 'model__random_state': 42}",0.3872053872053872,0.2962962962962963,0.2727272727272727,0.31874298540965207,0.04935720185700568,140
88,0.306194543838501,0.008661296421771547,0.005507151285807292,0.0036400135966507137,128,1e-05,1e-05,cross_entropy,100,gd,{'friction': 0.9},42,"{'model__batch_size': 128, 'model__lambda_reg': 1e-05, 'model__learning_rate': 1e-05, 'model__loss_function': 'cross_entropy', 'model__max_epochs': 100, 'model__optimizer': 'gd', 'model__optimizer_kw_args': {'friction': 0.9}, 'model__random_state': 42}",0.37037037037037035,0.30303030303030304,0.30303030303030304,0.3254769921436588,0.031744412174480235,136
89,0.29935550689697266,0.011243606326188843,0.0026699701944986978,0.0004662565462860562,128,1e-05,1e-05,cross_entropy,100,gd,{'friction': 0.99},42,"{'model__batch_size': 128, 'model__lambda_reg': 1e-05, 'model__learning_rate': 1e-05, 'model__loss_function': 'cross_entropy', 'model__max_epochs': 100, 'model__optimizer': 'gd', 'model__optimizer_kw_args': {'friction': 0.99}, 'model__random_state': 42}",0.5622895622895623,0.5016835016835017,0.4713804713804714,0.5117845117845118,0.03779451905832262,110
90,0.3128785292307536,0.008277584866048137,0.002504269282023112,0.00040825663637006766,128,1e-05,1e-05,cross_entropy,100,gd,{'friction': 0.5},42,"{'model__batch_size': 128, 'model__lambda_reg': 1e-05, 'model__learning_rate': 1e-05, 'model__loss_function': 'cross_entropy', 'model__max_epochs': 100, 'model__optimizer': 'gd', 'model__optimizer_kw_args': {'friction': 0.5}, 'model__random_state': 42}",0.38047138047138046,0.2962962962962963,0.2727272727272727,0.31649831649831645,0.04624780646023909,148
91,0.3281291325887044,0.016675508692022813,0.0023337999979654946,0.0004705846191846561,128,1e-05,1e-05,cross_entropy,100,gd,{'friction': 0},42,"{'model__batch_size': 128, 'model__lambda_reg': 1e-05, 'model__learning_rate': 1e-05, 'model__loss_function': 'cross_entropy', 'model__max_epochs': 100, 'model__optimizer': 'gd', 'model__optimizer_kw_args': {'friction': 0}, 'model__random_state': 42}",0.38047138047138046,0.2962962962962963,0.2727272727272727,0.31649831649831645,0.04624780646023909,148
92,0.6404014428456625,0.022197634787603573,0.002665837605794271,0.00047159658334802046,128,1e-05,1e-05,cross_entropy,200,gd,{'friction': 0.9},42,"{'model__batch_size': 128, 'model__lambda_reg': 1e-05, 'model__learning_rate': 1e-05, 'model__loss_function': 'cross_entropy', 'model__max_epochs': 200, 'model__optimizer': 'gd', 'model__optimizer_kw_args': {'friction': 0.9}, 'model__random_state': 42}",0.3872053872053872,0.31986531986531985,0.32323232323232326,0.3434343434343434,0.030981310307165576,129
93,0.6002963383992513,0.009404491036803407,0.0028362274169921875,0.0010237702300244817,128,1e-05,1e-05,cross_entropy,200,gd,{'friction': 0.99},42,"{'model__batch_size': 128, 'model__lambda_reg': 1e-05, 'model__learning_rate': 1e-05, 'model__loss_function': 'cross_entropy', 'model__max_epochs': 200, 'model__optimizer': 'gd', 'model__optimizer_kw_args': {'friction': 0.99}, 'model__random_state': 42}",0.5925925925925926,0.5757575757575758,0.5387205387205387,0.569023569023569,0.022502735865054344,101
94,0.5816934903462728,0.007952458669980638,0.002504269282023112,0.00040960026625188955,128,1e-05,1e-05,cross_entropy,200,gd,{'friction': 0.5},42,"{'model__batch_size': 128, 'model__lambda_reg': 1e-05, 'model__learning_rate': 1e-05, 'model__loss_function': 'cross_entropy', 'model__max_epochs': 200, 'model__optimizer': 'gd', 'model__optimizer_kw_args': {'friction': 0.5}, 'model__random_state': 42}",0.37373737373737376,0.2962962962962963,0.26936026936026936,0.3131313131313131,0.04424332961712015,162
95,0.5975269476572672,0.018168942568593614,0.002332766850789388,0.00046979787969816136,128,1e-05,1e-05,cross_entropy,200,gd,{'friction': 0},42,"{'model__batch_size': 128, 'model__lambda_reg': 1e-05, 'model__learning_rate': 1e-05, 'model__loss_function': 'cross_entropy', 'model__max_epochs': 200, 'model__optimizer': 'gd', 'model__optimizer_kw_args': {'friction': 0}, 'model__random_state': 42}",0.38047138047138046,0.2962962962962963,0.2727272727272727,0.31649831649831645,0.04624780646023909,148
96,0.0754392941792806,0.00595716731853344,0.003009319305419922,0.0010797826274297354,32,1e-05,0.01,cross_entropy,10,newton,,42,"{'model__batch_size': 32, 'model__lambda_reg': 1e-05, 'model__learning_rate': 0.01, 'model__loss_function': 'cross_entropy', 'model__max_epochs': 10, 'model__optimizer': 'newton', 'model__random_state': 42}",0.6161616161616161,0.6161616161616161,0.6161616161616161,0.6161616161616161,0.0,56
97,0.3559454282124837,0.004522619687621224,0.0020002524058024087,1.7663725829834038e-06,32,1e-05,0.01,cross_entropy,50,newton,,42,"{'model__batch_size': 32, 'model__lambda_reg': 1e-05, 'model__learning_rate': 0.01, 'model__loss_function': 'cross_entropy', 'model__max_epochs': 50, 'model__optimizer': 'newton', 'model__random_state': 42}",0.6161616161616161,0.6161616161616161,0.6161616161616161,0.6161616161616161,0.0,56
98,0.6712172031402588,0.02123835440380403,0.002507289250691732,0.0004088991158669827,32,1e-05,0.01,cross_entropy,100,newton,,42,"{'model__batch_size': 32, 'model__lambda_reg': 1e-05, 'model__learning_rate': 0.01, 'model__loss_function': 'cross_entropy', 'model__max_epochs': 100, 'model__optimizer': 'newton', 'model__random_state': 42}",0.6161616161616161,0.6161616161616161,0.6161616161616161,0.6161616161616161,0.0,56
99,1.349560260772705,0.03655285290842528,0.002361853917439779,0.0002582686491241447,32,1e-05,0.01,cross_entropy,200,newton,,42,"{'model__batch_size': 32, 'model__lambda_reg': 1e-05, 'model__learning_rate': 0.01, 'model__loss_function': 'cross_entropy', 'model__max_epochs': 200, 'model__optimizer': 'newton', 'model__random_state': 42}",0.6161616161616161,0.6161616161616161,0.6161616161616161,0.6161616161616161,0.0,56
100,0.07109880447387695,0.003054490399595782,0.0021692911783854165,0.00023978764792104094,32,1e-05,1e-05,cross_entropy,10,newton,,42,"{'model__batch_size': 32, 'model__lambda_reg': 1e-05, 'model__learning_rate': 1e-05, 'model__loss_function': 'cross_entropy', 'model__max_epochs': 10, 'model__optimizer': 'newton', 'model__random_state': 42}",0.7407407407407407,0.797979797979798,0.8047138047138047,0.7811447811447811,0.028701934573612645,41
101,0.3454354604085286,0.011785084610491617,0.0023345152537027993,0.00047092275890468587,32,1e-05,1e-05,cross_entropy,50,newton,,42,"{'model__batch_size': 32, 'model__lambda_reg': 1e-05, 'model__learning_rate': 1e-05, 'model__loss_function': 'cross_entropy', 'model__max_epochs': 50, 'model__optimizer': 'newton', 'model__random_state': 42}",0.7744107744107744,0.8282828282828283,0.8148148148148148,0.8058361391694725,0.022891221160910354,18
102,0.6906396547953287,0.033130671632285114,0.0025063355763753257,0.0004077172568039875,32,1e-05,1e-05,cross_entropy,100,newton,,42,"{'model__batch_size': 32, 'model__lambda_reg': 1e-05, 'model__learning_rate': 1e-05, 'model__loss_function': 'cross_entropy', 'model__max_epochs': 100, 'model__optimizer': 'newton', 'model__random_state': 42}",0.7845117845117845,0.8282828282828283,0.8148148148148148,0.809203142536476,0.018304721021661162,15
103,1.2950352032979329,0.017309643659463272,0.002667029698689779,0.0004709209483043148,32,1e-05,1e-05,cross_entropy,200,newton,,42,"{'model__batch_size': 32, 'model__lambda_reg': 1e-05, 'model__learning_rate': 1e-05, 'model__loss_function': 'cross_entropy', 'model__max_epochs': 200, 'model__optimizer': 'newton', 'model__random_state': 42}",0.7912457912457912,0.8383838383838383,0.8181818181818182,0.8159371492704826,0.019309372092127117,4
104,0.049416542053222656,0.002251009651333054,0.0023769537607828775,0.0002680028688558843,64,1e-05,0.01,cross_entropy,10,newton,,42,"{'model__batch_size': 64, 'model__lambda_reg': 1e-05, 'model__learning_rate': 0.01, 'model__loss_function': 'cross_entropy', 'model__max_epochs': 10, 'model__optimizer': 'newton', 'model__random_state': 42}",0.6161616161616161,0.6161616161616161,0.6161616161616161,0.6161616161616161,0.0,56
105,0.22093518575032553,0.015613214028854685,0.007160743077596028,0.006595813239990865,64,1e-05,0.01,cross_entropy,50,newton,,42,"{'model__batch_size': 64, 'model__lambda_reg': 1e-05, 'model__learning_rate': 0.01, 'model__loss_function': 'cross_entropy', 'model__max_epochs': 50, 'model__optimizer': 'newton', 'model__random_state': 42}",0.6161616161616161,0.6161616161616161,0.6161616161616161,0.6161616161616161,0.0,56
106,0.43629686037699383,0.005547723045781992,0.0026682217915852866,0.0004724381641475821,64,1e-05,0.01,cross_entropy,100,newton,,42,"{'model__batch_size': 64, 'model__lambda_reg': 1e-05, 'model__learning_rate': 0.01, 'model__loss_function': 'cross_entropy', 'model__max_epochs': 100, 'model__optimizer': 'newton', 'model__random_state': 42}",0.6161616161616161,0.6161616161616161,0.6161616161616161,0.6161616161616161,0.0,56
107,0.8664331436157227,0.028352249171697513,0.0025235811869303384,0.00040896268746335704,64,1e-05,0.01,cross_entropy,200,newton,,42,"{'model__batch_size': 64, 'model__lambda_reg': 1e-05, 'model__learning_rate': 0.01, 'model__loss_function': 'cross_entropy', 'model__max_epochs': 200, 'model__optimizer': 'newton', 'model__random_state': 42}",0.6161616161616161,0.6161616161616161,0.6161616161616161,0.6161616161616161,0.0,56
108,0.04408137003580729,0.0008155175796989458,0.0023376146952311196,0.00047513667854331374,64,1e-05,1e-05,cross_entropy,10,newton,,42,"{'model__batch_size': 64, 'model__lambda_reg': 1e-05, 'model__learning_rate': 1e-05, 'model__loss_function': 'cross_entropy', 'model__max_epochs': 10, 'model__optimizer': 'newton', 'model__random_state': 42}",0.7272727272727273,0.7138047138047138,0.7441077441077442,0.7283950617283951,0.012396589244879115,45
109,0.20996014277140299,0.0038388466777627586,0.002838134765625,0.0006278504498651059,64,1e-05,1e-05,cross_entropy,50,newton,,42,"{'model__batch_size': 64, 'model__lambda_reg': 1e-05, 'model__learning_rate': 1e-05, 'model__loss_function': 'cross_entropy', 'model__max_epochs': 50, 'model__optimizer': 'newton', 'model__random_state': 42}",0.7643097643097643,0.8080808080808081,0.8114478114478114,0.7946127946127945,0.021471522412692477,34
110,0.4404882589975993,0.017005732434694,0.003001610438028971,1.4610907483776596e-06,64,1e-05,1e-05,cross_entropy,100,newton,,42,"{'model__batch_size': 64, 'model__lambda_reg': 1e-05, 'model__learning_rate': 1e-05, 'model__loss_function': 'cross_entropy', 'model__max_epochs': 100, 'model__optimizer': 'newton', 'model__random_state': 42}",0.7878787878787878,0.8249158249158249,0.8080808080808081,0.8069584736251403,0.015141119599587048,17
111,0.8718521595001221,0.01590736265478296,0.002187967300415039,0.00026721103728644867,64,1e-05,1e-05,cross_entropy,200,newton,,42,"{'model__batch_size': 64, 'model__lambda_reg': 1e-05, 'model__learning_rate': 1e-05, 'model__loss_function': 'cross_entropy', 'model__max_epochs': 200, 'model__optimizer': 'newton', 'model__random_state': 42}",0.8013468013468014,0.8282828282828283,0.8013468013468014,0.8103254769921437,0.012697764869792095,13
112,0.037915945053100586,0.00225683431108431,0.003171682357788086,0.00024377768269025964,128,1e-05,0.01,cross_entropy,10,newton,,42,"{'model__batch_size': 128, 'model__lambda_reg': 1e-05, 'model__learning_rate': 0.01, 'model__loss_function': 'cross_entropy', 'model__max_epochs': 10, 'model__optimizer': 'newton', 'model__random_state': 42}",0.6161616161616161,0.6161616161616161,0.6161616161616161,0.6161616161616161,0.0,56
113,0.15752156575520834,0.004425026477754079,0.0028079350789388022,0.0006701618529827957,128,1e-05,0.01,cross_entropy,50,newton,,42,"{'model__batch_size': 128, 'model__lambda_reg': 1e-05, 'model__learning_rate': 0.01, 'model__loss_function': 'cross_entropy', 'model__max_epochs': 50, 'model__optimizer': 'newton', 'model__random_state': 42}",0.6161616161616161,0.6161616161616161,0.6161616161616161,0.6161616161616161,0.0,56
114,0.317025105158488,0.008685338541185346,0.002726316452026367,0.0002048697800230798,128,1e-05,0.01,cross_entropy,100,newton,,42,"{'model__batch_size': 128, 'model__lambda_reg': 1e-05, 'model__learning_rate': 0.01, 'model__loss_function': 'cross_entropy', 'model__max_epochs': 100, 'model__optimizer': 'newton', 'model__random_state': 42}",0.6161616161616161,0.6161616161616161,0.6161616161616161,0.6161616161616161,0.0,56
115,0.614799976348877,0.010268483709022292,0.002679109573364258,0.0006296051314453505,128,1e-05,0.01,cross_entropy,200,newton,,42,"{'model__batch_size': 128, 'model__lambda_reg': 1e-05, 'model__learning_rate': 0.01, 'model__loss_function': 'cross_entropy', 'model__max_epochs': 200, 'model__optimizer': 'newton', 'model__random_state': 42}",0.6161616161616161,0.6161616161616161,0.6161616161616161,0.6161616161616161,0.0,56
116,0.03429039319356283,0.0008811286736232831,0.0024764537811279297,0.00045003715675660843,128,1e-05,1e-05,cross_entropy,10,newton,,42,"{'model__batch_size': 128, 'model__lambda_reg': 1e-05, 'model__learning_rate': 1e-05, 'model__loss_function': 'cross_entropy', 'model__max_epochs': 10, 'model__optimizer': 'newton', 'model__random_state': 42}",0.6599326599326599,0.6195286195286195,0.6936026936026936,0.6576879910213244,0.030282239199174055,48
117,0.1433077653249105,0.004605962171290064,0.0030035972595214844,6.435829747844648e-06,128,1e-05,1e-05,cross_entropy,50,newton,,42,"{'model__batch_size': 128, 'model__lambda_reg': 1e-05, 'model__learning_rate': 1e-05, 'model__loss_function': 'cross_entropy', 'model__max_epochs': 50, 'model__optimizer': 'newton', 'model__random_state': 42}",0.7542087542087542,0.8047138047138047,0.797979797979798,0.7856341189674523,0.022390502068754214,40
118,0.2896281878153483,0.002159281140262421,0.0071868101755778,0.006264598029296292,128,1e-05,1e-05,cross_entropy,100,newton,,42,"{'model__batch_size': 128, 'model__lambda_reg': 1e-05, 'model__learning_rate': 1e-05, 'model__loss_function': 'cross_entropy', 'model__max_epochs': 100, 'model__optimizer': 'newton', 'model__random_state': 42}",0.7575757575757576,0.8215488215488216,0.8215488215488216,0.8002244668911335,0.030157191565756254,28
119,0.627092440923055,0.020792945062668676,0.0021750926971435547,0.0002458031956010052,128,1e-05,1e-05,cross_entropy,200,newton,,42,"{'model__batch_size': 128, 'model__lambda_reg': 1e-05, 'model__learning_rate': 1e-05, 'model__loss_function': 'cross_entropy', 'model__max_epochs': 200, 'model__optimizer': 'newton', 'model__random_state': 42}",0.7946127946127947,0.8282828282828283,0.8181818181818182,0.8136924803591471,0.014107525353509004,7
120,0.08169221878051758,5.784619771664252e-06,0.002334435780843099,0.0004718202815606281,32,1e-05,0.01,cross_entropy,10,adam,"{'p1': 0.9, 'p2': 0.999}",42,"{'model__batch_size': 32, 'model__lambda_reg': 1e-05, 'model__learning_rate': 0.01, 'model__loss_function': 'cross_entropy', 'model__max_epochs': 10, 'model__optimizer': 'adam', 'model__optimizer_kw_args': {'p1': 0.9, 'p2': 0.999}, 'model__random_state': 42}",0.7676767676767676,0.8518518518518519,0.7878787878787878,0.8024691358024691,0.03587961248742041,25
121,0.09134777386983235,0.007396587021945635,0.0023450851440429688,0.0006168974654349894,32,1e-05,0.01,cross_entropy,10,adam,"{'p1': 0.7, 'p2': 0.6}",42,"{'model__batch_size': 32, 'model__lambda_reg': 1e-05, 'model__learning_rate': 0.01, 'model__loss_function': 'cross_entropy', 'model__max_epochs': 10, 'model__optimizer': 'adam', 'model__optimizer_kw_args': {'p1': 0.7, 'p2': 0.6}, 'model__random_state': 42}",0.7811447811447811,0.8383838383838383,0.8114478114478114,0.8103254769921436,0.02338121959146986,14
122,0.40813763936360675,0.018698564624799987,0.0021575291951497397,0.0002573676996164583,32,1e-05,0.01,cross_entropy,50,adam,"{'p1': 0.9, 'p2': 0.999}",42,"{'model__batch_size': 32, 'model__lambda_reg': 1e-05, 'model__learning_rate': 0.01, 'model__loss_function': 'cross_entropy', 'model__max_epochs': 50, 'model__optimizer': 'adam', 'model__optimizer_kw_args': {'p1': 0.9, 'p2': 0.999}, 'model__random_state': 42}",0.7609427609427609,0.8417508417508418,0.8114478114478114,0.8047138047138048,0.033331632783204286,19
123,0.40012502670288086,0.016394654339946284,0.00285188357035319,0.00047176373437288107,32,1e-05,0.01,cross_entropy,50,adam,"{'p1': 0.7, 'p2': 0.6}",42,"{'model__batch_size': 32, 'model__lambda_reg': 1e-05, 'model__learning_rate': 0.01, 'model__loss_function': 'cross_entropy', 'model__max_epochs': 50, 'model__optimizer': 'adam', 'model__optimizer_kw_args': {'p1': 0.7, 'p2': 0.6}, 'model__random_state': 42}",0.8013468013468014,0.8249158249158249,0.8114478114478114,0.8125701459034792,0.009654686046063558,8
124,0.7843592166900635,0.017654726300015272,0.002667109171549479,0.0004714831070310132,32,1e-05,0.01,cross_entropy,100,adam,"{'p1': 0.9, 'p2': 0.999}",42,"{'model__batch_size': 32, 'model__lambda_reg': 1e-05, 'model__learning_rate': 0.01, 'model__loss_function': 'cross_entropy', 'model__max_epochs': 100, 'model__optimizer': 'adam', 'model__optimizer_kw_args': {'p1': 0.9, 'p2': 0.999}, 'model__random_state': 42}",0.7946127946127947,0.8451178451178452,0.8047138047138047,0.8148148148148149,0.02182067575221502,5
125,0.8143118222554525,0.02130432190983155,0.002505143483479818,0.00040732134777679183,32,1e-05,0.01,cross_entropy,100,adam,"{'p1': 0.7, 'p2': 0.6}",42,"{'model__batch_size': 32, 'model__lambda_reg': 1e-05, 'model__learning_rate': 0.01, 'model__loss_function': 'cross_entropy', 'model__max_epochs': 100, 'model__optimizer': 'adam', 'model__optimizer_kw_args': {'p1': 0.7, 'p2': 0.6}, 'model__random_state': 42}",0.7643097643097643,0.8249158249158249,0.8114478114478114,0.8002244668911335,0.025983921218384363,28
126,1.5632625420888264,0.05513062088247743,0.0028351147969563804,0.00023169545921654928,32,1e-05,0.01,cross_entropy,200,adam,"{'p1': 0.9, 'p2': 0.999}",42,"{'model__batch_size': 32, 'model__lambda_reg': 1e-05, 'model__learning_rate': 0.01, 'model__loss_function': 'cross_entropy', 'model__max_epochs': 200, 'model__optimizer': 'adam', 'model__optimizer_kw_args': {'p1': 0.9, 'p2': 0.999}, 'model__random_state': 42}",0.7777777777777778,0.8114478114478114,0.8215488215488216,0.8035914702581369,0.018713054994986607,22
127,1.5971668561299641,0.05778894674128278,0.0026668707529703775,0.00047080839576569357,32,1e-05,0.01,cross_entropy,200,adam,"{'p1': 0.7, 'p2': 0.6}",42,"{'model__batch_size': 32, 'model__lambda_reg': 1e-05, 'model__learning_rate': 0.01, 'model__loss_function': 'cross_entropy', 'model__max_epochs': 200, 'model__optimizer': 'adam', 'model__optimizer_kw_args': {'p1': 0.7, 'p2': 0.6}, 'model__random_state': 42}",0.7912457912457912,0.8552188552188552,0.8215488215488216,0.8226711560044894,0.026128948881757177,1
128,0.08297387758890788,0.002072891451183136,0.002172231674194336,0.00023621550589039908,32,1e-05,1e-05,cross_entropy,10,adam,"{'p1': 0.9, 'p2': 0.999}",42,"{'model__batch_size': 32, 'model__lambda_reg': 1e-05, 'model__learning_rate': 1e-05, 'model__loss_function': 'cross_entropy', 'model__max_epochs': 10, 'model__optimizer': 'adam', 'model__optimizer_kw_args': {'p1': 0.9, 'p2': 0.999}, 'model__random_state': 42}",0.3771043771043771,0.3063973063973064,0.3063973063973064,0.32996632996632996,0.033331632783204265,133
129,0.08147843678792317,0.003058533159214114,0.0021692911783854165,0.00023978796399726858,32,1e-05,1e-05,cross_entropy,10,adam,"{'p1': 0.7, 'p2': 0.6}",42,"{'model__batch_size': 32, 'model__lambda_reg': 1e-05, 'model__learning_rate': 1e-05, 'model__loss_function': 'cross_entropy', 'model__max_epochs': 10, 'model__optimizer': 'adam', 'model__optimizer_kw_args': {'p1': 0.7, 'p2': 0.6}, 'model__random_state': 42}",0.38047138047138046,0.3063973063973064,0.3063973063973064,0.33108866442199775,0.03491885339192827,132
130,0.3899124463399251,0.0006255893421877482,0.0023337205251057944,0.00047114561077023757,32,1e-05,1e-05,cross_entropy,50,adam,"{'p1': 0.9, 'p2': 0.999}",42,"{'model__batch_size': 32, 'model__lambda_reg': 1e-05, 'model__learning_rate': 1e-05, 'model__loss_function': 'cross_entropy', 'model__max_epochs': 50, 'model__optimizer': 'adam', 'model__optimizer_kw_args': {'p1': 0.9, 'p2': 0.999}, 'model__random_state': 42}",0.5016835016835017,0.49158249158249157,0.49158249158249157,0.494949494949495,0.004761661826172068,117
131,0.38112632433573407,0.004756936724616938,0.0023336410522460938,0.0004712020176746174,32,1e-05,1e-05,cross_entropy,50,adam,"{'p1': 0.7, 'p2': 0.6}",42,"{'model__batch_size': 32, 'model__lambda_reg': 1e-05, 'model__learning_rate': 1e-05, 'model__loss_function': 'cross_entropy', 'model__max_epochs': 50, 'model__optimizer': 'adam', 'model__optimizer_kw_args': {'p1': 0.7, 'p2': 0.6}, 'model__random_state': 42}",0.5016835016835017,0.49158249158249157,0.4983164983164983,0.49719416386083054,0.004199391006480319,115
132,0.7996139526367188,0.02426769303934616,0.002333958943684896,0.0004706398989559127,32,1e-05,1e-05,cross_entropy,100,adam,"{'p1': 0.9, 'p2': 0.999}",42,"{'model__batch_size': 32, 'model__lambda_reg': 1e-05, 'model__learning_rate': 1e-05, 'model__loss_function': 'cross_entropy', 'model__max_epochs': 100, 'model__optimizer': 'adam', 'model__optimizer_kw_args': {'p1': 0.9, 'p2': 0.999}, 'model__random_state': 42}",0.5858585858585859,0.5454545454545454,0.5488215488215489,0.5600448933782267,0.018304721021661155,107
133,0.7696649233500162,0.007778633679082156,0.002505064010620117,0.00040905865938106436,32,1e-05,1e-05,cross_entropy,100,adam,"{'p1': 0.7, 'p2': 0.6}",42,"{'model__batch_size': 32, 'model__lambda_reg': 1e-05, 'model__learning_rate': 1e-05, 'model__loss_function': 'cross_entropy', 'model__max_epochs': 100, 'model__optimizer': 'adam', 'model__optimizer_kw_args': {'p1': 0.7, 'p2': 0.6}, 'model__random_state': 42}",0.5959595959595959,0.5387205387205387,0.5488215488215489,0.5611672278338945,0.024945129933662002,105
134,1.5607213179270427,0.03958939979289251,0.002504428227742513,0.00040825143824804017,32,1e-05,1e-05,cross_entropy,200,adam,"{'p1': 0.9, 'p2': 0.999}",42,"{'model__batch_size': 32, 'model__lambda_reg': 1e-05, 'model__learning_rate': 1e-05, 'model__loss_function': 'cross_entropy', 'model__max_epochs': 200, 'model__optimizer': 'adam', 'model__optimizer_kw_args': {'p1': 0.9, 'p2': 0.999}, 'model__random_state': 42}",0.6127946127946128,0.6060606060606061,0.6060606060606061,0.6083052749719416,0.0031744412174480106,85
135,1.539535681406657,0.015218201913537552,0.002508401870727539,0.0004091309129975989,32,1e-05,1e-05,cross_entropy,200,adam,"{'p1': 0.7, 'p2': 0.6}",42,"{'model__batch_size': 32, 'model__lambda_reg': 1e-05, 'model__learning_rate': 1e-05, 'model__loss_function': 'cross_entropy', 'model__max_epochs': 200, 'model__optimizer': 'adam', 'model__optimizer_kw_args': {'p1': 0.7, 'p2': 0.6}, 'model__random_state': 42}",0.6161616161616161,0.6060606060606061,0.6195286195286195,0.6139169472502806,0.005722805290227567,80
136,0.05899492899576823,0.006804079744341125,0.0021688143412272134,0.0006217421825276797,64,1e-05,0.01,cross_entropy,10,adam,"{'p1': 0.9, 'p2': 0.999}",42,"{'model__batch_size': 64, 'model__lambda_reg': 1e-05, 'model__learning_rate': 0.01, 'model__loss_function': 'cross_entropy', 'model__max_epochs': 10, 'model__optimizer': 'adam', 'model__optimizer_kw_args': {'p1': 0.9, 'p2': 0.999}, 'model__random_state': 42}",0.7811447811447811,0.8316498316498316,0.8215488215488216,0.8114478114478114,0.02182067575221502,11
137,0.05325420697530111,0.0026345424330294683,0.002670129140218099,0.00047380046021553264,64,1e-05,0.01,cross_entropy,10,adam,"{'p1': 0.7, 'p2': 0.6}",42,"{'model__batch_size': 64, 'model__lambda_reg': 1e-05, 'model__learning_rate': 0.01, 'model__loss_function': 'cross_entropy', 'model__max_epochs': 10, 'model__optimizer': 'adam', 'model__optimizer_kw_args': {'p1': 0.7, 'p2': 0.6}, 'model__random_state': 42}",0.7643097643097643,0.8114478114478114,0.8114478114478114,0.7957351290684623,0.022221088522136178,31
138,0.24165169397989908,0.004590122499152031,0.0031704107920328775,0.0010325641454177624,64,1e-05,0.01,cross_entropy,50,adam,"{'p1': 0.9, 'p2': 0.999}",42,"{'model__batch_size': 64, 'model__lambda_reg': 1e-05, 'model__learning_rate': 0.01, 'model__loss_function': 'cross_entropy', 'model__max_epochs': 50, 'model__optimizer': 'adam', 'model__optimizer_kw_args': {'p1': 0.9, 'p2': 0.999}, 'model__random_state': 42}",0.8013468013468014,0.8249158249158249,0.8080808080808081,0.8114478114478114,0.00991218952449815,11
139,0.2561153570810954,0.006878209666674686,0.002674102783203125,0.0006307012211082775,64,1e-05,0.01,cross_entropy,50,adam,"{'p1': 0.7, 'p2': 0.6}",42,"{'model__batch_size': 64, 'model__lambda_reg': 1e-05, 'model__learning_rate': 0.01, 'model__loss_function': 'cross_entropy', 'model__max_epochs': 50, 'model__optimizer': 'adam', 'model__optimizer_kw_args': {'p1': 0.7, 'p2': 0.6}, 'model__random_state': 42}",0.8114478114478114,0.8282828282828283,0.8114478114478114,0.8170594837261503,0.007936103043620078,3
140,0.4825308322906494,0.00935337668028966,0.0028405189514160156,0.0006307312928780836,64,1e-05,0.01,cross_entropy,100,adam,"{'p1': 0.9, 'p2': 0.999}",42,"{'model__batch_size': 64, 'model__lambda_reg': 1e-05, 'model__learning_rate': 0.01, 'model__loss_function': 'cross_entropy', 'model__max_epochs': 100, 'model__optimizer': 'adam', 'model__optimizer_kw_args': {'p1': 0.9, 'p2': 0.999}, 'model__random_state': 42}",0.7777777777777778,0.8282828282828283,0.8080808080808081,0.8047138047138046,0.020755602703599243,21
141,0.5015725294748942,0.022710175165634918,0.0028416315714518228,0.00022585110098448702,64,1e-05,0.01,cross_entropy,100,adam,"{'p1': 0.7, 'p2': 0.6}",42,"{'model__batch_size': 64, 'model__lambda_reg': 1e-05, 'model__learning_rate': 0.01, 'model__loss_function': 'cross_entropy', 'model__max_epochs': 100, 'model__optimizer': 'adam', 'model__optimizer_kw_args': {'p1': 0.7, 'p2': 0.6}, 'model__random_state': 42}",0.7878787878787878,0.8451178451178452,0.8047138047138047,0.8125701459034792,0.024019006239093966,8
142,0.9621328512827555,0.0061226171413333265,0.0021736621856689453,0.0002466433766914237,64,1e-05,0.01,cross_entropy,200,adam,"{'p1': 0.9, 'p2': 0.999}",42,"{'model__batch_size': 64, 'model__lambda_reg': 1e-05, 'model__learning_rate': 0.01, 'model__loss_function': 'cross_entropy', 'model__max_epochs': 200, 'model__optimizer': 'adam', 'model__optimizer_kw_args': {'p1': 0.9, 'p2': 0.999}, 'model__random_state': 42}",0.7710437710437711,0.8316498316498316,0.8080808080808081,0.8035914702581369,0.024945129933662005,22
143,0.9554767608642578,0.009047358208034225,0.002174218495686849,0.00024692556423713477,64,1e-05,0.01,cross_entropy,200,adam,"{'p1': 0.7, 'p2': 0.6}",42,"{'model__batch_size': 64, 'model__lambda_reg': 1e-05, 'model__learning_rate': 0.01, 'model__loss_function': 'cross_entropy', 'model__max_epochs': 200, 'model__optimizer': 'adam', 'model__optimizer_kw_args': {'p1': 0.7, 'p2': 0.6}, 'model__random_state': 42}",0.8181818181818182,0.835016835016835,0.8013468013468014,0.8181818181818182,0.013745733685651938,2
144,0.051273504892985024,0.0034241933713502026,0.0028378963470458984,0.00023332527818728565,64,1e-05,1e-05,cross_entropy,10,adam,"{'p1': 0.9, 'p2': 0.999}",42,"{'model__batch_size': 64, 'model__lambda_reg': 1e-05, 'model__learning_rate': 1e-05, 'model__loss_function': 'cross_entropy', 'model__max_epochs': 10, 'model__optimizer': 'adam', 'model__optimizer_kw_args': {'p1': 0.9, 'p2': 0.999}, 'model__random_state': 42}",0.38047138047138046,0.2962962962962963,0.26936026936026936,0.31537598204264866,0.04732473320383393,159
145,0.05174867312113444,0.001935970747310402,0.003161191940307617,0.00022186101056134619,64,1e-05,1e-05,cross_entropy,10,adam,"{'p1': 0.7, 'p2': 0.6}",42,"{'model__batch_size': 64, 'model__lambda_reg': 1e-05, 'model__learning_rate': 1e-05, 'model__loss_function': 'cross_entropy', 'model__max_epochs': 10, 'model__optimizer': 'adam', 'model__optimizer_kw_args': {'p1': 0.7, 'p2': 0.6}, 'model__random_state': 42}",0.37373737373737376,0.2962962962962963,0.26936026936026936,0.3131313131313131,0.04424332961712015,162
146,0.24459918340047201,0.010410882485546448,0.0025059382120768228,0.0004085853759630907,64,1e-05,1e-05,cross_entropy,50,adam,"{'p1': 0.9, 'p2': 0.999}",42,"{'model__batch_size': 64, 'model__lambda_reg': 1e-05, 'model__learning_rate': 1e-05, 'model__loss_function': 'cross_entropy', 'model__max_epochs': 50, 'model__optimizer': 'adam', 'model__optimizer_kw_args': {'p1': 0.9, 'p2': 0.999}, 'model__random_state': 42}",0.41414141414141414,0.3468013468013468,0.3434343434343434,0.3681257014590347,0.03256704405958903,124
147,0.24364423751831055,0.011756783047360211,0.0025060176849365234,0.0004087020676187945,64,1e-05,1e-05,cross_entropy,50,adam,"{'p1': 0.7, 'p2': 0.6}",42,"{'model__batch_size': 64, 'model__lambda_reg': 1e-05, 'model__learning_rate': 1e-05, 'model__loss_function': 'cross_entropy', 'model__max_epochs': 50, 'model__optimizer': 'adam', 'model__optimizer_kw_args': {'p1': 0.7, 'p2': 0.6}, 'model__random_state': 42}",0.42424242424242425,0.3468013468013468,0.3434343434343434,0.37149270482603813,0.03732500369992345,123
148,0.5130058924357096,0.022683231958173993,0.002332766850789388,0.00047131465042296394,64,1e-05,1e-05,cross_entropy,100,adam,"{'p1': 0.9, 'p2': 0.999}",42,"{'model__batch_size': 64, 'model__lambda_reg': 1e-05, 'model__learning_rate': 1e-05, 'model__loss_function': 'cross_entropy', 'model__max_epochs': 100, 'model__optimizer': 'adam', 'model__optimizer_kw_args': {'p1': 0.9, 'p2': 0.999}, 'model__random_state': 42}",0.531986531986532,0.5050505050505051,0.48148148148148145,0.5061728395061729,0.02063386791341218,114
149,0.5080036322275797,0.028439342517560365,0.002316077550252279,0.0004465321929227133,64,1e-05,1e-05,cross_entropy,100,adam,"{'p1': 0.7, 'p2': 0.6}",42,"{'model__batch_size': 64, 'model__lambda_reg': 1e-05, 'model__learning_rate': 1e-05, 'model__loss_function': 'cross_entropy', 'model__max_epochs': 100, 'model__optimizer': 'adam', 'model__optimizer_kw_args': {'p1': 0.7, 'p2': 0.6}, 'model__random_state': 42}",0.531986531986532,0.5117845117845118,0.4882154882154882,0.510662177328844,0.017887067845689376,112
150,0.9567248026529948,0.016188130554256903,0.003513495127360026,0.001770933333165865,64,1e-05,1e-05,cross_entropy,200,adam,"{'p1': 0.9, 'p2': 0.999}",42,"{'model__batch_size': 64, 'model__lambda_reg': 1e-05, 'model__learning_rate': 1e-05, 'model__loss_function': 'cross_entropy', 'model__max_epochs': 200, 'model__optimizer': 'adam', 'model__optimizer_kw_args': {'p1': 0.9, 'p2': 0.999}, 'model__random_state': 42}",0.6094276094276094,0.5791245791245792,0.5589225589225589,0.5824915824915825,0.020755602703599243,97
151,0.9745096365610758,0.02246390389073569,0.0031751791636149087,0.00024535363430173377,64,1e-05,1e-05,cross_entropy,200,adam,"{'p1': 0.7, 'p2': 0.6}",42,"{'model__batch_size': 64, 'model__lambda_reg': 1e-05, 'model__learning_rate': 1e-05, 'model__loss_function': 'cross_entropy', 'model__max_epochs': 200, 'model__optimizer': 'adam', 'model__optimizer_kw_args': {'p1': 0.7, 'p2': 0.6}, 'model__random_state': 42}",0.6094276094276094,0.5791245791245792,0.5589225589225589,0.5824915824915825,0.020755602703599243,97
152,0.03657412528991699,0.0022841422424718857,0.002507448196411133,0.00040962176082527007,128,1e-05,0.01,cross_entropy,10,adam,"{'p1': 0.9, 'p2': 0.999}",42,"{'model__batch_size': 128, 'model__lambda_reg': 1e-05, 'model__learning_rate': 0.01, 'model__loss_function': 'cross_entropy', 'model__max_epochs': 10, 'model__optimizer': 'adam', 'model__optimizer_kw_args': {'p1': 0.9, 'p2': 0.999}, 'model__random_state': 42}",0.7744107744107744,0.8215488215488216,0.8114478114478114,0.8024691358024691,0.020264276189975068,25
153,0.03708569208780924,0.0020617283109317904,0.002333561579386393,0.000471258122977251,128,1e-05,0.01,cross_entropy,10,adam,"{'p1': 0.7, 'p2': 0.6}",42,"{'model__batch_size': 128, 'model__lambda_reg': 1e-05, 'model__learning_rate': 0.01, 'model__loss_function': 'cross_entropy', 'model__max_epochs': 10, 'model__optimizer': 'adam', 'model__optimizer_kw_args': {'p1': 0.7, 'p2': 0.6}, 'model__random_state': 42}",0.7508417508417509,0.7744107744107744,0.835016835016835,0.7867564534231201,0.03545582266875714,39
154,0.17069530487060547,0.010903616963902298,0.002505222956339518,0.00040889429662578126,128,1e-05,0.01,cross_entropy,50,adam,"{'p1': 0.9, 'p2': 0.999}",42,"{'model__batch_size': 128, 'model__lambda_reg': 1e-05, 'model__learning_rate': 0.01, 'model__loss_function': 'cross_entropy', 'model__max_epochs': 50, 'model__optimizer': 'adam', 'model__optimizer_kw_args': {'p1': 0.9, 'p2': 0.999}, 'model__random_state': 42}",0.7777777777777778,0.8417508417508418,0.8080808080808081,0.809203142536476,0.026128948881757177,15
155,0.1778552532196045,0.014120193289193218,0.002506812413533529,0.00040706560413279356,128,1e-05,0.01,cross_entropy,50,adam,"{'p1': 0.7, 'p2': 0.6}",42,"{'model__batch_size': 128, 'model__lambda_reg': 1e-05, 'model__learning_rate': 0.01, 'model__loss_function': 'cross_entropy', 'model__max_epochs': 50, 'model__optimizer': 'adam', 'model__optimizer_kw_args': {'p1': 0.7, 'p2': 0.6}, 'model__random_state': 42}",0.7777777777777778,0.835016835016835,0.8249158249158249,0.8125701459034792,0.024945129933662023,8
156,0.32663941383361816,0.016107977173456398,0.002840439478556315,0.000225851100984487,128,1e-05,0.01,cross_entropy,100,adam,"{'p1': 0.9, 'p2': 0.999}",42,"{'model__batch_size': 128, 'model__lambda_reg': 1e-05, 'model__learning_rate': 0.01, 'model__loss_function': 'cross_entropy', 'model__max_epochs': 100, 'model__optimizer': 'adam', 'model__optimizer_kw_args': {'p1': 0.9, 'p2': 0.999}, 'model__random_state': 42}",0.7811447811447811,0.8451178451178452,0.8181818181818182,0.8148148148148149,0.026225188429961684,5
157,0.31828848520914715,0.004303108173736101,0.002838770548502604,0.00022635675811023554,128,1e-05,0.01,cross_entropy,100,adam,"{'p1': 0.7, 'p2': 0.6}",42,"{'model__batch_size': 128, 'model__lambda_reg': 1e-05, 'model__learning_rate': 0.01, 'model__loss_function': 'cross_entropy', 'model__max_epochs': 100, 'model__optimizer': 'adam', 'model__optimizer_kw_args': {'p1': 0.7, 'p2': 0.6}, 'model__random_state': 42}",0.7744107744107744,0.8417508417508418,0.797979797979798,0.8047138047138048,0.02790079213166343,19
158,0.6555930773417155,0.0192562931497976,0.0026667118072509766,0.0004708646821047274,128,1e-05,0.01,cross_entropy,200,adam,"{'p1': 0.9, 'p2': 0.999}",42,"{'model__batch_size': 128, 'model__lambda_reg': 1e-05, 'model__learning_rate': 0.01, 'model__loss_function': 'cross_entropy', 'model__max_epochs': 200, 'model__optimizer': 'adam', 'model__optimizer_kw_args': {'p1': 0.9, 'p2': 0.999}, 'model__random_state': 42}",0.7710437710437711,0.835016835016835,0.8047138047138047,0.8035914702581369,0.02612894888175713,22
159,0.6166956424713135,0.01897733887130924,0.002001682917277018,0.0008167306121138022,128,1e-05,0.01,cross_entropy,200,adam,"{'p1': 0.7, 'p2': 0.6}",42,"{'model__batch_size': 128, 'model__lambda_reg': 1e-05, 'model__learning_rate': 0.01, 'model__loss_function': 'cross_entropy', 'model__max_epochs': 200, 'model__optimizer': 'adam', 'model__optimizer_kw_args': {'p1': 0.7, 'p2': 0.6}, 'model__random_state': 42}",0.7710437710437711,0.835016835016835,0.797979797979798,0.8013468013468014,0.026225188429961636,27
160,0.03990602493286133,0.0018462431565205459,0.0026668707529703775,0.00047181992012995503,128,1e-05,1e-05,cross_entropy,10,adam,"{'p1': 0.9, 'p2': 0.999}",42,"{'model__batch_size': 128, 'model__lambda_reg': 1e-05, 'model__learning_rate': 1e-05, 'model__loss_function': 'cross_entropy', 'model__max_epochs': 10, 'model__optimizer': 'adam', 'model__optimizer_kw_args': {'p1': 0.9, 'p2': 0.999}, 'model__random_state': 42}",0.38047138047138046,0.2962962962962963,0.26936026936026936,0.31537598204264866,0.04732473320383393,159
161,0.03692269325256348,0.002727280933212984,0.0032379627227783203,0.00046919568913386504,128,1e-05,1e-05,cross_entropy,10,adam,"{'p1': 0.7, 'p2': 0.6}",42,"{'model__batch_size': 128, 'model__lambda_reg': 1e-05, 'model__learning_rate': 1e-05, 'model__loss_function': 'cross_entropy', 'model__max_epochs': 10, 'model__optimizer': 'adam', 'model__optimizer_kw_args': {'p1': 0.7, 'p2': 0.6}, 'model__random_state': 42}",0.38047138047138046,0.2962962962962963,0.2727272727272727,0.31649831649831645,0.04624780646023909,148
162,0.1631155014038086,0.0018163040424999425,0.002331972122192383,0.00047103333986194185,128,1e-05,1e-05,cross_entropy,50,adam,"{'p1': 0.9, 'p2': 0.999}",42,"{'model__batch_size': 128, 'model__lambda_reg': 1e-05, 'model__learning_rate': 1e-05, 'model__loss_function': 'cross_entropy', 'model__max_epochs': 50, 'model__optimizer': 'adam', 'model__optimizer_kw_args': {'p1': 0.9, 'p2': 0.999}, 'model__random_state': 42}",0.40404040404040403,0.32323232323232326,0.32996632996632996,0.35241301907968575,0.0366094420433223,126
163,0.16065112749735513,0.009003817362741896,0.0025139649709065757,0.00040892886415619097,128,1e-05,1e-05,cross_entropy,50,adam,"{'p1': 0.7, 'p2': 0.6}",42,"{'model__batch_size': 128, 'model__lambda_reg': 1e-05, 'model__learning_rate': 1e-05, 'model__loss_function': 'cross_entropy', 'model__max_epochs': 50, 'model__optimizer': 'adam', 'model__optimizer_kw_args': {'p1': 0.7, 'p2': 0.6}, 'model__random_state': 42}",0.4006734006734007,0.32323232323232326,0.32996632996632996,0.35129068462401797,0.035026905800959,127
164,0.3083360989888509,0.005114622281077485,0.0025070508321126304,0.0004039574110219816,128,1e-05,1e-05,cross_entropy,100,adam,"{'p1': 0.9, 'p2': 0.999}",42,"{'model__batch_size': 128, 'model__lambda_reg': 1e-05, 'model__learning_rate': 1e-05, 'model__loss_function': 'cross_entropy', 'model__max_epochs': 100, 'model__optimizer': 'adam', 'model__optimizer_kw_args': {'p1': 0.9, 'p2': 0.999}, 'model__random_state': 42}",0.41414141414141414,0.39057239057239057,0.37373737373737376,0.39281705948372614,0.016571069652338268,121
165,0.30095791816711426,0.005024980927321931,0.0023370583852132163,0.0004756974401508659,128,1e-05,1e-05,cross_entropy,100,adam,"{'p1': 0.7, 'p2': 0.6}",42,"{'model__batch_size': 128, 'model__lambda_reg': 1e-05, 'model__learning_rate': 1e-05, 'model__loss_function': 'cross_entropy', 'model__max_epochs': 100, 'model__optimizer': 'adam', 'model__optimizer_kw_args': {'p1': 0.7, 'p2': 0.6}, 'model__random_state': 42}",0.41414141414141414,0.39057239057239057,0.37037037037037035,0.3916947250280584,0.01788706784568938,122
166,0.4806520938873291,0.0028637012290428083,0.0015188852945963542,0.000410637288897942,128,1e-05,1e-05,cross_entropy,200,adam,"{'p1': 0.9, 'p2': 0.999}",42,"{'model__batch_size': 128, 'model__lambda_reg': 1e-05, 'model__learning_rate': 1e-05, 'model__loss_function': 'cross_entropy', 'model__max_epochs': 200, 'model__optimizer': 'adam', 'model__optimizer_kw_args': {'p1': 0.9, 'p2': 0.999}, 'model__random_state': 42}",0.5454545454545454,0.5117845117845118,0.5016835016835017,0.5196408529741863,0.018713054994986572,108
167,0.41780869166056317,0.01574069573560755,0.0010015169779459636,1.1894408501860113e-06,128,1e-05,1e-05,cross_entropy,200,adam,"{'p1': 0.7, 'p2': 0.6}",42,"{'model__batch_size': 128, 'model__lambda_reg': 1e-05, 'model__learning_rate': 1e-05, 'model__loss_function': 'cross_entropy', 'model__max_epochs': 200, 'model__optimizer': 'adam', 'model__optimizer_kw_args': {'p1': 0.7, 'p2': 0.6}, 'model__random_state': 42}",0.5387205387205387,0.5117845117845118,0.5016835016835017,0.5173961840628508,0.01563231007540303,109
